City_ID,City,Country,Date,Lat,Lng,Max Temp,Humidity,Cloudiness,Wind Speed
0,Punta Arenas,CL,2022-07-26 21:45:28,-53.15,-70.9167,35.71,69,0,9.22
1,Cherskiy,RU,2022-07-26 21:51:12,68.75,161.3,48.47,53,4,10.92
2,Saint-Ambroise,CA,2022-07-26 21:47:54,48.5501,-71.3324,69.4,56,88,11.5
3,Ranau,MY,2022-07-26 21:47:54,5.9538,116.6641,68.83,97,74,1.03
4,Cape Town,ZA,2022-07-26 21:43:40,-33.9258,18.4232,55.11,83,75,3.44
5,Nanortalik,GL,2022-07-26 21:47:55,60.1432,-45.2371,44.37,92,77,2.59
6,Dingle,PH,2022-07-26 21:41:16,10.9995,122.6711,76.77,92,67,4.38
7,Busselton,AU,2022-07-26 21:45:35,-33.65,115.3333,48.27,85,8,6.82
8,East London,ZA,2022-07-26 21:49:48,-33.0153,27.9116,63.77,48,15,7.05
9,Ngunguru,NZ,2022-07-26 21:47:55,-35.6167,174.5,57.18,71,20,14.05
10,Ilo,PE,2022-07-26 21:47:56,-17.6394,-71.3375,61.66,77,100,8.05
11,Baker City,US,2022-07-26 21:47:56,44.7749,-117.8344,93.6,24,0,5.75
12,Hithadhoo,MV,2022-07-26 21:47:56,-0.6,73.0833,79.75,79,100,14.27
13,Ternate,ID,2022-07-26 21:47:57,0.8,127.4,79.93,81,98,3.65
14,Inta,RU,2022-07-26 21:47:57,66.0317,60.1659,47.86,85,99,12.88
15,Ushuaia,AR,2022-07-26 21:43:09,-54.8,-68.3,31.66,74,20,1.14
16,Pong,TH,2022-07-26 21:47:58,19.1493,100.2752,74.16,97,83,1.77
17,Atuona,PF,2022-07-26 21:47:58,-9.8,-139.0333,77.29,76,10,16.93
18,Nuuk,GL,2022-07-26 21:42:51,64.1835,-51.7216,45.21,87,75,8.05
19,Trogir,HR,2022-07-26 21:47:58,43.5125,16.2517,83.79,65,0,4.61
20,Jamestown,US,2022-07-26 21:45:04,42.097,-79.2353,80.02,47,100,8.05
21,Hilo,US,2022-07-26 21:47:22,19.7297,-155.09,88.29,94,75,8.05
22,Carnarvon,AU,2022-07-26 21:47:59,-24.8667,113.6333,61.88,44,0,8.84
23,Puerto Ayora,EC,2022-07-26 21:47:59,-0.7393,-90.3518,76.96,88,100,8.01
24,Ewa Beach,US,2022-07-26 21:48:00,21.3156,-158.0072,84.15,59,100,11.5
25,Luderitz,NA,2022-07-26 21:48:00,-26.6481,15.1594,55.06,82,39,5.39
26,Miri,MY,2022-07-26 21:48:00,4.4148,114.0089,75.34,100,40,0.0
27,Praia Da Vitoria,PT,2022-07-26 21:45:26,38.7333,-27.0667,75.45,88,20,5.48
28,Bluff,NZ,2022-07-26 21:46:41,-46.6,168.3333,44.8,90,100,21.88
29,Tasiilaq,GL,2022-07-26 21:48:01,65.6145,-37.6368,41.16,93,100,1.57
30,Finschhafen,PG,2022-07-26 21:48:01,-6.6024,147.8681,79.59,81,100,6.17
31,Mar Del Plata,AR,2022-07-26 21:46:48,-38.0023,-57.5575,57.09,98,100,5.75
32,Burnie,AU,2022-07-26 21:48:02,-41.0667,145.9167,46.92,71,8,8.43
33,Airai,TL,2022-07-26 21:48:02,-8.9266,125.4092,52.95,69,85,4.21
34,Albany,US,2022-07-26 21:45:45,42.6001,-73.9662,78.78,52,96,7.99
35,Vaini,TO,2022-07-26 21:48:03,-21.2,-175.2,73.51,72,100,12.88
36,Jiayuguan,CN,2022-07-26 21:48:03,39.8167,98.3,72.84,19,10,12.77
37,Takoradi,GH,2022-07-26 21:48:03,4.8845,-1.7554,75.24,89,100,9.69
38,Yellowknife,CA,2022-07-26 21:42:03,62.456,-114.3525,72.12,46,20,6.91
39,Inuvik,CA,2022-07-26 21:48:04,68.3499,-133.7218,63.61,57,75,11.5
40,Hamilton,US,2022-07-26 21:43:50,39.1834,-84.5333,79.72,80,100,8.05
41,Souillac,MU,2022-07-26 21:46:04,-20.5167,57.5167,68.38,88,40,6.91
42,Nikolskoye,RU,2022-07-26 21:46:44,59.7035,30.7861,64.29,86,94,5.53
43,Rikitea,PF,2022-07-26 21:48:05,-23.1203,-134.9692,75.4,73,70,12.15
44,Ponta Do Sol,PT,2022-07-26 21:48:05,32.6667,-17.1,81.23,54,4,7.34
45,Kodiak,US,2022-07-26 21:46:51,57.79,-152.4072,53.11,71,0,8.05
46,Norman Wells,CA,2022-07-26 21:43:37,65.282,-126.8329,82.44,32,75,5.75
47,Faanui,PF,2022-07-26 21:49:06,-16.4833,-151.75,77.67,74,65,9.86
48,Esperance,AU,2022-07-26 21:49:06,-33.8667,121.9,53.44,80,100,5.68
49,Narsaq,GL,2022-07-26 21:49:06,60.9167,-46.05,57.42,86,39,4.16
50,Faranah,GN,2022-07-26 21:49:07,10.0404,-10.7434,72.12,94,99,4.65
51,Turukhansk,RU,2022-07-26 21:49:07,65.8167,87.9833,52.27,88,0,1.54
52,Butaritari,KI,2022-07-26 21:45:28,3.0707,172.7902,82.18,74,12,19.26
53,Barrow,US,2022-07-26 21:48:08,71.2906,-156.7887,35.62,93,100,16.11
54,Taoudenni,ML,2022-07-26 21:49:08,22.6783,-3.9836,102.65,10,50,14.0
55,Kouroussa,GN,2022-07-26 21:49:09,10.65,-9.8833,73.08,93,75,2.55
56,Clyde River,CA,2022-07-26 21:49:09,70.4692,-68.5914,39.43,100,100,9.22
57,Klaksvik,FO,2022-07-26 21:44:51,62.2266,-6.589,50.92,74,87,7.9
58,Hami,CN,2022-07-26 21:49:09,42.8,93.45,78.69,16,20,10.45
59,Kaitangata,NZ,2022-07-26 21:49:10,-46.2817,169.8464,45.82,96,100,13.02
60,Mataura,NZ,2022-07-26 21:49:10,-46.1927,168.8643,44.47,96,100,6.91
61,Saint-Joseph,RE,2022-07-26 21:43:37,-21.3667,55.6167,64.78,79,17,8.5
62,Alofi,NU,2022-07-26 21:49:11,-19.0595,-169.9187,76.89,61,75,13.8
63,Tiarei,PF,2022-07-26 21:49:11,-17.5333,-149.3333,78.82,84,100,14.67
64,Vila Do Maio,CV,2022-07-26 21:49:12,15.1333,-23.2167,81.39,80,85,4.45
65,Talnakh,RU,2022-07-26 21:52:55,69.4865,88.3972,52.21,65,33,5.61
66,Arraial Do Cabo,BR,2022-07-26 21:41:06,-22.9661,-42.0278,71.56,83,0,11.5
67,Lorengau,PG,2022-07-26 21:46:08,-2.0226,147.2712,82.71,77,86,9.55
68,Hobart,AU,2022-07-26 21:49:12,-42.8794,147.3294,43.05,96,20,5.75
69,Cruz Alta,BR,2022-07-26 21:49:13,-28.6386,-53.6064,65.17,87,7,6.76
70,Puyang,CN,2022-07-26 21:49:13,29.4603,119.8861,76.19,79,37,1.43
71,Pangai,TO,2022-07-26 21:49:13,-19.8,-174.35,75.58,67,99,14.74
72,Walvis Bay,NA,2022-07-26 21:49:14,-22.9575,14.5053,52.09,81,0,4.61
73,Great Yarmouth,GB,2022-07-26 21:49:14,52.6083,1.7305,60.03,70,84,6.31
74,Provideniya,RU,2022-07-26 21:49:14,64.3833,-173.3,48.36,71,0,13.42
75,Sakaiminato,JP,2022-07-26 21:49:15,35.55,133.2333,78.78,94,40,6.91
76,Saint George,US,2022-07-26 21:52:57,37.1041,-113.5841,94.42,37,0,5.01
77,Tuim,RU,2022-07-26 21:49:15,54.3417,89.9261,47.91,93,85,4.5
78,Hermanus,ZA,2022-07-26 21:49:15,-34.4187,19.2345,47.8,87,75,5.68
79,Belmonte,BR,2022-07-26 21:49:16,-15.8631,-38.8828,71.42,75,6,9.37
80,Presidencia Roque Saenz Pena,AR,2022-07-26 21:44:26,-26.7852,-60.4388,83.46,33,5,7.31
81,Marawi,PH,2022-07-26 21:49:16,7.9986,124.2928,68.97,91,99,2.93
82,Tabou,CI,2022-07-26 21:49:17,4.423,-7.3528,75.58,80,100,11.16
83,Tiksi,RU,2022-07-26 21:49:17,71.6872,128.8694,52.93,77,60,0.92
84,Port Alfred,ZA,2022-07-26 21:46:51,-33.5906,26.891,65.39,45,14,5.01
85,Brownwood,US,2022-07-26 21:49:17,31.7093,-98.9912,103.32,26,4,14.58
86,Dikson,RU,2022-07-26 21:49:18,73.5069,80.5464,43.43,97,100,27.04
87,Banda Aceh,ID,2022-07-26 21:46:10,5.5577,95.3222,77.52,83,100,9.19
88,Japura,ID,2022-07-26 21:49:18,-0.3167,102.35,73.94,97,92,2.37
89,Ponta Delgada,PT,2022-07-26 21:49:19,37.7333,-25.6667,72.32,94,40,5.75
90,Borovskoy,KZ,2022-07-26 21:49:19,53.8,64.15,63.79,88,100,11.65
91,Leshukonskoye,RU,2022-07-26 21:49:20,64.8989,45.7622,58.06,68,99,5.61
92,Matehuala,MX,2022-07-26 21:50:20,23.65,-100.65,85.05,27,100,5.91
93,Zarubino,RU,2022-07-26 21:50:21,42.63,131.0922,69.4,90,100,2.06
94,Huarmey,PE,2022-07-26 21:50:21,-10.0681,-78.1522,65.82,77,57,11.1
95,Nelson Bay,AU,2022-07-26 21:50:21,-32.7167,152.15,51.01,72,4,15.99
96,Rio Gallegos,AR,2022-07-26 21:50:27,-51.6226,-69.2181,26.65,86,0,5.75
97,Saint-Philippe,RE,2022-07-26 21:50:22,-21.3585,55.7679,65.79,84,26,9.91
98,Labuan,MY,2022-07-26 21:50:22,5.2767,115.2417,75.56,100,40,0.0
99,Belaya Gora,RU,2022-07-26 21:50:23,68.5333,146.4167,52.72,49,92,12.93
100,Batemans Bay,AU,2022-07-26 21:50:23,-35.7167,150.1833,51.1,65,19,6.73
101,New Norfolk,AU,2022-07-26 21:50:23,-42.7826,147.0587,42.71,87,79,2.93
102,Solnechnyy,RU,2022-07-26 21:50:24,50.7214,136.6319,59.45,92,100,3.36
103,Ribeira Grande,PT,2022-07-26 21:50:24,38.5167,-28.7,75.0,82,35,6.33
104,Aswan,EG,2022-07-26 21:50:24,24.0934,32.907,94.3,9,0,5.75
105,Idlib,SY,2022-07-26 21:50:25,35.9306,36.6339,73.99,60,0,6.69
106,Pomichna,UA,2022-07-26 21:50:25,48.2422,31.4158,63.73,59,0,6.26
107,Harper,LR,2022-07-26 21:50:25,4.375,-7.7169,75.49,79,100,10.67
108,Petropavlovsk-Kamchatskiy,RU,2022-07-26 21:50:26,53.0452,158.6483,57.79,82,75,2.24
109,Angoche,MZ,2022-07-26 21:50:26,-16.2325,39.9086,71.55,70,33,10.18
110,Mariquita,CO,2022-07-26 21:50:26,5.1989,-74.893,80.02,79,61,3.49
111,Kavieng,PG,2022-07-26 21:50:27,-2.5744,150.7967,83.26,70,89,12.88
112,Eskil,TR,2022-07-26 21:50:27,38.4017,33.4131,69.06,35,0,5.61
113,Thyboron,DK,2022-07-26 21:50:27,56.6985,8.2124,55.18,75,44,31.92
114,Waddan,LY,2022-07-26 21:50:28,29.1614,16.139,82.78,34,0,14.14
115,Nuevo Progreso,MX,2022-07-26 21:50:28,23.1667,-97.95,93.54,50,52,11.01
116,Taltal,CL,2022-07-26 21:50:28,-25.4,-70.4833,60.94,75,30,4.85
117,Jiaocheng,CN,2022-07-26 21:50:29,24.6774,116.1389,74.41,88,47,1.34
118,Kangaatsiaq,GL,2022-07-26 21:48:29,68.3065,-53.4641,40.37,94,100,7.23
119,Moose Factory,CA,2022-07-26 21:50:29,51.2585,-80.6094,64.4,77,0,14.97
120,Ulaanbaatar,MN,2022-07-26 21:47:48,47.9077,106.8832,50.13,81,40,2.24
121,Broken Hill,AU,2022-07-26 21:48:35,-31.95,141.4333,42.51,86,1,4.7
122,Kruisfontein,ZA,2022-07-26 21:50:30,-34.0033,24.7314,55.89,53,37,8.46
123,Fukue,JP,2022-07-26 21:50:30,32.6881,128.8419,79.03,78,0,6.06
124,San Carlos De Bariloche,AR,2022-07-26 21:50:28,-41.1456,-71.3082,40.24,87,100,4.61
125,Tuktoyaktuk,CA,2022-07-26 21:50:31,69.4541,-133.0374,62.6,67,100,23.02
126,Coruripe,BR,2022-07-26 21:50:31,-10.1256,-36.1756,73.78,82,99,13.04
127,Bredasdorp,ZA,2022-07-26 21:50:31,-34.5322,20.0403,50.68,94,78,5.91
128,Atig,RU,2022-07-26 21:50:32,56.6931,59.4227,59.45,97,92,8.66
129,Qaanaaq,GL,2022-07-26 21:50:32,77.484,-69.3632,43.84,65,19,4.45
130,Bambous Virieux,MU,2022-07-26 21:46:45,-20.3428,57.7575,68.25,88,40,6.91
131,Minna,NG,2022-07-26 21:50:32,9.6139,6.5569,74.88,88,96,3.91
132,Cayenne,GF,2022-07-26 21:50:33,4.9333,-52.3333,78.1,1,75,5.75
133,Kenai,US,2022-07-26 21:50:33,60.5544,-151.2583,57.29,64,0,19.57
134,Cocorit,MX,2022-07-26 21:50:33,27.5833,-109.9667,83.46,75,85,12.37
135,Lavrentiya,RU,2022-07-26 21:50:34,65.5833,-171.0,39.61,87,100,15.03
136,Saint-Augustin,CA,2022-07-26 21:50:34,51.226,-58.6502,67.55,64,84,22.68
137,Fairview,US,2022-07-26 21:50:35,40.8126,-73.999,83.53,44,0,13.8
138,Yulara,AU,2022-07-26 21:55:06,-25.2406,130.9889,40.8,62,0,9.44
139,Deputatskiy,RU,2022-07-26 21:52:34,69.3,139.9,54.54,61,46,5.23
140,Katsuura,JP,2022-07-26 21:46:47,35.1333,140.3,80.49,88,81,14.05
141,Lebu,CL,2022-07-26 21:46:43,-37.6167,-73.65,52.21,81,3,16.22
142,Pacific Grove,US,2022-07-26 21:51:03,36.6177,-121.9166,76.21,74,0,16.11
143,Colares,PT,2022-07-26 21:55:07,38.7992,-9.4469,69.76,73,0,23.0
144,Leningradskiy,RU,2022-07-26 21:55:07,69.3833,178.4167,34.45,96,100,7.54
145,Isangel,VU,2022-07-26 21:55:07,-19.55,169.2667,77.11,78,98,3.44
146,Gorontalo,ID,2022-07-26 21:55:08,0.5412,123.0595,74.68,95,89,2.17
147,Palmer,US,2022-07-26 21:55:08,42.1584,-72.3287,80.2,52,75,10.36
148,Hasaki,JP,2022-07-26 21:55:08,35.7333,140.8333,81.28,87,91,16.04
149,Miyako,JP,2022-07-26 21:55:09,39.6367,141.9525,74.7,90,98,2.98
150,Papetoai,PF,2022-07-26 21:55:09,-17.4961,-149.8729,78.39,80,100,13.47
151,Zhangjiakou,CN,2022-07-26 21:55:10,40.81,114.8794,67.77,84,45,3.78
152,Alexandria,EG,2022-07-26 21:55:10,31.2156,29.9553,77.54,78,40,9.22
153,Zaraza,VE,2022-07-26 21:55:10,9.3503,-65.3245,85.35,57,41,2.44
154,Avarua,CK,2022-07-26 21:50:17,-21.2078,-159.775,75.25,60,40,13.8
155,Pucallpa,PE,2022-07-26 21:55:11,-8.3791,-74.5539,80.64,78,75,5.75
156,Ancud,CL,2022-07-26 21:55:11,-41.8697,-73.8203,50.23,93,92,9.33
157,Namatanai,PG,2022-07-26 21:55:12,-3.6667,152.4333,81.54,71,78,7.16
158,Khasan,RU,2022-07-26 21:55:12,42.4308,130.6434,70.07,91,100,2.15
159,Sao Joao De Pirabas,BR,2022-07-26 21:55:12,-0.7747,-47.1772,76.48,90,97,6.35
160,Kapaa,US,2022-07-26 21:55:13,22.0752,-159.319,84.18,71,6,8.01
161,Yakeshi,CN,2022-07-26 21:55:13,49.2833,120.7333,65.43,92,62,4.21
162,Saldanha,ZA,2022-07-26 21:52:22,-33.0117,17.9442,53.65,88,11,7.61
163,Vohibinany,MG,2022-07-26 21:55:14,-17.35,49.0333,61.75,98,46,1.19
164,Olean,US,2022-07-26 21:55:14,42.0776,-78.4297,77.65,53,75,0.0
165,Dongying,CN,2022-07-26 21:55:14,37.4564,118.4856,74.88,88,0,5.55
166,Ostrovnoy,RU,2022-07-26 21:55:15,68.0531,39.5131,59.32,74,100,17.43
167,Acapulco,MX,2022-07-26 21:55:15,16.8634,-99.8901,85.46,68,79,6.4
168,Khatanga,RU,2022-07-26 21:55:15,71.9667,102.5,69.1,54,85,8.43
169,Atocha,BO,2022-07-26 21:55:16,-20.9333,-66.2333,53.87,16,9,8.01
170,Araouane,ML,2022-07-26 21:55:16,18.9048,-3.5265,100.44,9,50,9.24
171,Porto Novo,BJ,2022-07-26 21:55:16,6.4965,2.6036,76.37,86,99,10.4
172,Broome,US,2022-07-26 21:55:17,42.2506,-75.833,79.66,51,60,3.0
173,Saskylakh,RU,2022-07-26 21:55:17,71.9167,114.0833,69.84,73,29,7.7
174,Road Town,VG,2022-07-26 21:55:17,18.4167,-64.6167,84.24,74,40,9.22
175,Pisco,PE,2022-07-26 21:55:00,-13.7,-76.2167,64.45,77,84,4.61
176,Thompson,CA,2022-07-26 21:55:18,55.7435,-97.8558,64.56,68,75,6.91
177,Chokurdakh,RU,2022-07-26 21:55:18,70.6333,147.9167,50.83,51,87,12.08
178,Touros,BR,2022-07-26 21:53:36,-5.1989,-35.4608,75.83,80,34,12.62
179,Biu,NG,2022-07-26 21:55:19,10.6129,12.1946,72.01,83,98,7.49
180,Mnogovershinnyy,RU,2022-07-26 21:55:19,53.9353,139.9242,55.94,89,100,1.23
181,Havelock,US,2022-07-26 21:55:19,34.8791,-76.9013,87.78,82,0,16.11
182,Qandala,SO,2022-07-26 21:56:20,11.472,49.8728,89.17,48,3,6.58
183,Bairiki,KI,2022-07-26 21:56:20,1.3292,172.9752,82.4,78,40,13.8
184,Alihe,CN,2022-07-26 21:56:20,50.5667,123.7167,66.07,99,97,2.75
185,Maine-Soroa,NE,2022-07-26 21:56:21,13.2114,12.0241,86.56,57,75,16.42
186,Georgetown,MY,2022-07-26 21:55:10,5.4112,100.3354,80.89,92,20,2.3
187,Ilulissat,GL,2022-07-26 21:56:21,69.2167,-51.1,37.45,97,100,4.54
188,Yinchuan,CN,2022-07-26 21:55:55,38.4681,106.2731,70.25,52,100,13.47
189,Ahipara,NZ,2022-07-26 21:56:22,-35.1667,173.1667,57.02,75,98,14.27
190,Cabo San Lucas,MX,2022-07-26 21:53:42,22.8909,-109.9124,92.5,68,36,10.38
191,Porto Walter,BR,2022-07-26 21:56:22,-8.2686,-72.7439,77.36,83,94,2.59
192,Guerrero Negro,MX,2022-07-26 21:56:23,27.9769,-114.0611,81.37,51,36,13.91
193,Christchurch,NZ,2022-07-26 21:53:49,-43.5333,172.6333,48.4,91,75,14.97
194,Tura,IN,2022-07-26 21:56:23,25.5198,90.2201,72.01,90,53,3.0
195,Vagay,RU,2022-07-26 21:56:23,57.9375,69.0217,55.62,86,99,4.63
196,Castro,BR,2022-07-26 21:46:41,-24.7911,-50.0119,59.83,72,0,3.38
197,Tombouctou,ML,2022-07-26 21:56:24,20.0,-3.0,100.26,9,0,9.51
198,Chuy,UY,2022-07-26 21:56:24,-33.6971,-53.4616,58.8,97,94,6.4
199,Okato,NZ,2022-07-26 21:56:24,-39.2,173.8833,56.17,99,99,8.61
200,San Jose,US,2022-07-26 21:53:12,37.3394,-121.895,90.91,47,0,5.84
201,Usinsk,RU,2022-07-26 21:56:25,65.9939,57.5281,47.71,81,25,9.4
202,Karabulak,RU,2022-07-26 21:56:26,43.3036,44.8964,65.39,66,61,6.06
203,Abu Samrah,SY,2022-07-26 21:56:26,35.3029,37.1841,77.4,46,0,7.36
204,Rybnaya Sloboda,RU,2022-07-26 21:56:26,55.4613,50.1409,63.5,94,68,8.08
205,Raudeberg,NO,2022-07-26 21:53:14,61.9875,5.1352,50.67,79,99,17.22
206,Kavaratti,IN,2022-07-26 21:56:27,10.5669,72.642,81.37,76,100,16.31
207,Luanda,AO,2022-07-26 21:56:27,-8.8368,13.2343,71.6,83,75,8.05
208,Shenjiamen,CN,2022-07-26 21:56:27,29.9576,122.298,79.38,87,26,14.88
209,Torbay,CA,2022-07-26 21:54:44,47.6666,-52.7314,72.37,85,75,17.27
210,Chara,RU,2022-07-26 21:56:28,56.9064,118.2631,70.83,67,66,0.67
211,Mahibadhoo,MV,2022-07-26 21:52:23,3.7833,72.9667,81.93,77,75,18.12
212,Canguaretama,BR,2022-07-26 21:56:28,-6.38,-35.1289,72.93,89,88,8.9
213,Pattaya,TH,2022-07-26 21:56:29,12.9333,100.8833,84.94,82,98,5.93
214,Port Elizabeth,ZA,2022-07-26 21:56:29,-33.918,25.5701,61.32,68,0,5.75
215,Ocampo,MX,2022-07-26 21:56:29,21.65,-101.5,71.53,42,96,9.4
216,Upernavik,GL,2022-07-26 21:56:30,72.7868,-56.1549,38.17,89,85,10.83
217,Bardiyah,LY,2022-07-26 21:56:30,31.7561,25.0865,78.35,78,0,16.73
218,Yerbogachen,RU,2022-07-26 21:56:30,61.2767,108.0108,59.67,84,51,8.41
219,Santiago De Cao,PE,2022-07-26 21:56:31,-7.9589,-79.2392,62.73,82,100,12.66
220,Camacha,PT,2022-07-26 21:56:31,33.0833,-16.3333,67.42,83,40,14.97
221,Samfya,ZM,2022-07-26 21:56:31,-11.3649,29.5565,59.25,54,8,5.91
222,Iskateley,RU,2022-07-26 21:56:32,67.6803,53.1512,48.52,87,8,7.05
223,Emba,KZ,2022-07-26 21:56:32,48.8264,58.1442,68.25,65,10,4.81
224,Qingdao,CN,2022-07-26 21:56:33,36.0986,120.3719,74.8,100,75,2.24
225,Mana,GF,2022-07-26 21:56:33,5.6592,-53.7767,79.11,84,56,6.38
226,Salalah,OM,2022-07-26 21:56:33,17.0151,54.0924,75.96,96,100,6.4
227,Hammel,DK,2022-07-26 21:57:34,56.2576,9.8632,54.14,77,14,18.72
228,Te Anau,NZ,2022-07-26 21:57:34,-45.4167,167.7167,42.28,98,100,3.06
229,Lichtenburg,ZA,2022-07-26 21:57:34,-26.152,26.1597,52.16,64,7,8.19
230,Yeppoon,AU,2022-07-26 21:57:35,-23.1333,150.7333,58.78,62,0,9.73
231,Sinjai,ID,2022-07-26 21:57:35,-5.1241,120.253,75.76,88,59,1.7
232,Sur,OM,2022-07-26 21:57:35,22.5667,59.5289,80.89,79,48,18.5
233,Langham,CA,2022-07-26 21:57:36,52.3668,-106.9679,74.01,32,28,17.72
234,Kisanga,TZ,2022-07-26 21:57:36,-7.4362,37.7034,68.92,79,55,3.11
235,Gimli,CA,2022-07-26 21:57:36,50.6336,-96.9907,71.62,57,55,9.06
236,Pevek,RU,2022-07-26 21:57:37,69.7008,170.3133,34.65,84,79,7.49
237,Kieta,PG,2022-07-26 21:57:37,-6.2167,155.6333,80.91,78,99,2.66
238,Surt,LY,2022-07-26 21:57:38,31.2089,16.5887,79.88,75,0,5.86
239,Sao Filipe,CV,2022-07-26 21:57:38,14.8961,-24.4956,77.85,83,91,2.44
240,Raga,SS,2022-07-26 21:57:38,8.4596,25.678,69.28,95,100,6.08
241,Muros,ES,2022-07-26 21:57:39,42.7762,-9.0603,66.09,74,5,13.67
242,Merauke,ID,2022-07-26 21:57:39,-8.4667,140.3333,75.92,85,100,15.57
243,Nizwa,OM,2022-07-26 21:57:39,22.9333,57.5333,78.06,83,98,6.44
244,Sangre Grande,TT,2022-07-26 21:57:40,10.5835,-61.1177,85.96,87,19,7.02
245,Avera,US,2022-07-26 21:54:40,33.194,-82.5271,92.71,33,91,9.19
246,Mahebourg,MU,2022-07-26 21:57:40,-20.4081,57.7,68.29,88,40,6.91
247,Balad,IQ,2022-07-26 21:57:40,34.0164,44.1453,91.54,11,0,11.41
248,Olafsvik,IS,2022-07-26 21:57:41,64.8945,-23.7142,52.39,93,100,16.6
249,Abnub,EG,2022-07-26 21:57:41,27.2696,31.1511,86.22,14,0,7.43
250,Vanavara,RU,2022-07-26 21:57:41,60.34,102.2797,56.48,97,100,7.52
251,Laguna,US,2022-07-26 21:57:42,38.421,-121.4238,98.08,33,0,3.44
252,Coihaique,CL,2022-07-26 21:57:42,-45.5752,-72.0662,35.55,75,100,0.0
253,Lata,PT,2022-07-26 21:57:42,40.1629,-8.3327,56.48,93,0,2.86
254,Liverpool,GB,2022-07-26 21:53:28,53.4106,-2.9779,58.82,79,20,5.75
255,Mantua,IT,2022-07-26 21:57:43,45.1667,10.7833,85.24,86,87,6.82
256,Labuhan,ID,2022-07-26 21:57:43,-6.8844,112.2051,74.14,85,76,7.43
257,Vilyuysk,RU,2022-07-26 21:57:44,63.7553,121.6247,71.01,73,8,6.67
258,Santiago Tuxtla,MX,2022-07-26 21:57:44,18.4667,-95.3,84.97,66,71,4.92
259,Victoria,HK,2022-07-26 21:56:48,22.2855,114.1577,86.32,79,0,5.99
260,Grand Gaube,MU,2022-07-26 21:56:00,-20.0064,57.6608,68.4,78,4,4.0
261,Bilma,NE,2022-07-26 21:57:44,18.6853,12.9164,91.89,11,32,8.3
262,Port Macquarie,AU,2022-07-26 21:55:44,-31.4333,152.9167,51.89,63,0,9.13
263,Cap Malheureux,MU,2022-07-26 21:57:26,-19.9842,57.6142,67.46,78,4,4.0
264,Morondava,MG,2022-07-26 21:57:45,-20.2833,44.2833,68.59,70,0,13.98
265,San Matias,BO,2022-07-26 21:57:45,-16.3667,-58.4,84.78,25,6,4.5
266,Pembroke,CA,2022-07-26 21:57:46,45.8168,-77.1162,78.78,43,0,6.76
267,Andra,RU,2022-07-26 21:57:46,62.5147,65.8878,49.33,76,100,4.34
268,Codrington,AU,2022-07-26 21:57:46,-38.2667,141.9667,50.83,94,83,9.19
269,Kupang,ID,2022-07-26 21:57:47,-10.1667,123.5833,71.42,81,84,10.16
270,Nokha,IN,2022-07-26 21:57:47,27.6,73.4167,79.83,86,87,14.05
271,Nehe,CN,2022-07-26 21:57:48,48.4833,124.8333,71.56,93,100,7.36
272,Olga,RU,2022-07-26 21:57:48,43.7444,135.2892,69.87,86,100,5.75
273,Khandyga,RU,2022-07-26 21:57:48,62.6667,135.6,69.26,61,11,2.55
274,Guariba,BR,2022-07-26 21:58:49,-21.36,-48.2283,70.12,38,0,2.51
275,Sao Jose Da Coroa Grande,BR,2022-07-26 21:58:49,-8.8978,-35.1478,74.41,85,82,11.48
276,Pechenga,RU,2022-07-26 21:58:49,69.5259,31.1703,60.01,98,100,8.9
277,Lazaro Cardenas,MX,2022-07-26 21:58:50,17.9583,-102.2,86.02,62,63,8.14
278,Uttaradit,TH,2022-07-26 21:58:50,17.6667,100.5,71.11,95,22,2.71
279,Coquimbo,CL,2022-07-26 21:55:48,-29.9533,-71.3436,56.93,82,20,11.5
280,Puerto Del Rosario,ES,2022-07-26 21:58:50,28.5004,-13.8627,87.55,35,0,14.97
281,La Ronge,CA,2022-07-26 21:58:51,55.1001,-105.2842,64.62,72,75,17.27
282,Oranjestad,AW,2022-07-26 21:55:53,12.524,-70.027,85.95,66,20,19.57
283,Statesville,US,2022-07-26 21:58:51,35.7826,-80.8873,86.99,69,75,5.75
284,Trairi,BR,2022-07-26 21:56:22,-3.2778,-39.2689,77.97,72,99,10.8
285,Naze,JP,2022-07-26 21:58:52,28.3667,129.4833,74.32,75,5,5.97
286,Teknaf,BD,2022-07-26 21:58:52,20.8624,92.3058,78.82,84,62,4.27
287,General Pico,AR,2022-07-26 21:58:53,-35.6566,-63.7568,63.82,90,100,4.47
288,Gerash,IR,2022-07-26 21:58:53,27.6652,54.1371,73.54,66,100,7.83
289,Aquiraz,BR,2022-07-26 21:58:53,-3.9014,-38.3911,79.18,75,99,8.37
290,Gladstone,AU,2022-07-26 21:58:54,-23.85,151.25,58.93,47,0,9.22
291,Esmeraldas,BR,2022-07-26 21:58:54,-19.7625,-44.3139,70.84,45,0,5.93
292,Qasigiannguit,GL,2022-07-26 21:58:54,68.8193,-51.1922,37.94,98,100,3.91
293,Mariahu,IN,2022-07-26 21:58:55,25.6167,82.6167,78.76,68,97,4.83
294,Pangody,RU,2022-07-26 21:58:55,65.85,74.4859,46.27,91,3,7.87
295,Qingyuan,CN,2022-07-26 21:57:53,23.7,113.0333,85.98,84,9,2.1
296,Lizzanello,IT,2022-07-26 21:58:55,40.3041,18.2225,80.24,55,0,2.75
297,Tsumeb,NA,2022-07-26 21:58:56,-19.2333,17.7167,65.57,30,24,6.33
298,Hambantota,LK,2022-07-26 21:58:56,6.1241,81.1185,75.54,100,75,1.14
299,Onega,RU,2022-07-26 21:58:56,63.9061,38.1404,60.51,86,38,6.73
300,Jaru,BR,2022-07-26 21:58:57,-10.4389,-62.4664,84.9,30,51,2.08
301,Maloy,NO,2022-07-26 21:58:57,61.9353,5.1136,51.53,80,99,17.56
302,Roma,US,2022-07-26 21:55:23,43.2128,-75.4557,77.83,54,50,8.01
303,Puerto Palomas,MX,2022-07-26 21:58:58,31.7667,-107.6167,90.48,28,10,5.17
304,Lahat,ID,2022-07-26 21:58:58,-3.8,103.5333,72.41,97,100,1.7
305,Iroquois Falls,CA,2022-07-26 21:58:58,48.7669,-80.6831,74.88,52,82,6.35
306,Vostok,RU,2022-07-26 21:58:59,46.4856,135.8833,67.57,89,0,0.49
307,Mount Gambier,AU,2022-07-26 21:56:08,-37.8333,140.7667,48.38,94,81,6.02
308,Sultanpur,IN,2022-07-26 21:58:59,26.2667,82.0667,86.29,65,95,5.53
309,Kariba,ZW,2022-07-26 21:58:59,-16.5167,28.8,62.08,56,0,4.27
310,Digha,IN,2022-07-26 21:59:00,21.6833,87.55,81.97,83,94,6.15
311,Umba,RU,2022-07-26 21:59:00,66.6871,34.3429,56.97,93,97,8.93
312,Amga,RU,2022-07-26 21:59:01,60.8953,131.9608,67.89,60,11,1.28
313,Acajutla,SV,2022-07-26 21:59:01,13.5928,-89.8275,83.1,70,80,5.19
314,Aden,YE,2022-07-26 21:59:01,12.7794,45.0367,85.24,64,84,2.57
315,Necochea,AR,2022-07-26 21:55:58,-38.5473,-58.7368,51.73,98,100,7.36
316,Cairns,AU,2022-07-26 21:58:05,-16.9167,145.7667,69.06,77,40,9.22
317,Verkhoyansk,RU,2022-07-26 21:59:02,67.5447,133.385,72.99,55,77,2.33
318,Pocatello,US,2022-07-26 21:54:41,42.8713,-112.4455,97.18,19,0,10.33
319,Severnyy,RU,2022-07-26 21:59:02,50.677,36.5532,62.64,94,25,2.24
320,Meadow Lake,US,2022-07-26 22:00:03,34.8014,-106.5436,93.79,27,13,8.97
321,Karratha,AU,2022-07-26 22:00:03,-20.7377,116.8463,66.94,30,5,9.91
322,Riberalta,BO,2022-07-26 22:00:04,-10.9833,-66.1,85.6,38,28,1.41
323,Mandera,KE,2022-07-26 22:00:04,3.9366,41.867,75.76,61,25,20.96
324,Manavalakurichi,IN,2022-07-26 22:00:04,8.1333,77.3,77.25,84,42,11.77
325,Husavik,IS,2022-07-26 22:00:05,66.0449,-17.3389,53.19,79,99,4.7
326,Riyadh,SA,2022-07-26 21:58:55,24.6877,46.7219,93.34,13,98,6.85
327,Middelburg,ZA,2022-07-26 22:00:05,-25.7751,29.4648,51.49,65,3,2.71
328,Buckeye,US,2022-07-26 21:59:27,33.3703,-112.5838,97.2,41,20,4.61
329,Sinnamary,GF,2022-07-26 22:00:06,5.3833,-52.95,79.52,81,33,6.51
330,Constitucion,CL,2022-07-26 22:00:06,-35.3333,-72.4167,52.9,92,93,7.25
331,Longyearbyen,SJ,2022-07-26 22:00:07,78.2186,15.6401,48.04,81,75,4.61
332,Vestmannaeyjar,IS,2022-07-26 22:00:07,63.4427,-20.2734,53.24,98,100,17.29
333,Yar-Sale,RU,2022-07-26 22:00:08,66.8333,70.8333,47.98,90,100,6.51
334,Fallon,US,2022-07-26 21:55:31,39.4735,-118.7774,99.91,12,75,3.44
335,Laibin,CN,2022-07-26 22:00:08,23.7,109.2667,77.23,91,4,3.96
336,Mirabad,AF,2022-07-26 22:00:09,30.4362,61.8383,88.36,54,37,15.1
337,Itarema,BR,2022-07-26 22:00:09,-2.9248,-39.9167,77.97,73,55,14.0
338,Caravelas,BR,2022-07-26 22:00:10,-17.7125,-39.2481,70.52,81,2,5.97
339,Marsaxlokk,MT,2022-07-26 22:00:10,35.8419,14.5431,83.08,74,0,8.05
340,Marck,FR,2022-07-26 22:00:11,50.949,1.9433,62.04,70,71,9.57
341,Traverse City,US,2022-07-26 21:59:28,44.7631,-85.6206,79.84,47,77,9.89
342,Arlit,NE,2022-07-26 22:00:13,18.7369,7.3853,98.58,10,25,15.57
343,Palana,RU,2022-07-26 22:00:13,59.1167,159.9667,53.1,66,100,17.96
344,Mattru,SL,2022-07-26 22:00:14,7.6244,-11.8332,72.23,94,34,2.68
345,Cocobeach,GA,2022-07-26 22:00:14,1.0002,9.5823,76.23,83,84,10.02
346,Szczecinek,PL,2022-07-26 22:00:15,53.7079,16.6994,53.28,82,36,5.68
347,Prado,BR,2022-07-26 22:00:15,-17.3411,-39.2208,70.36,82,3,6.78
348,Lodja,CD,2022-07-26 22:00:16,-3.4833,23.4333,78.37,38,100,0.29
349,Cidreira,BR,2022-07-26 22:00:17,-30.1811,-50.2056,61.48,93,49,13.65
350,Grootfontein,NA,2022-07-26 22:00:17,-19.5667,18.1167,62.42,32,48,5.14
351,Srednekolymsk,RU,2022-07-26 22:00:06,67.45,153.6833,47.37,58,94,14.67
352,Bud,US,2022-07-26 22:00:18,39.447,-86.1758,77.05,88,100,2.44
353,Gamba,GA,2022-07-26 22:00:18,-2.65,10.0,69.85,89,59,4.81
354,Bay-Khaak,RU,2022-07-26 22:00:18,51.1667,94.5,52.43,72,100,7.49
355,Aqtobe,KZ,2022-07-26 22:00:19,50.2797,57.2072,60.89,94,0,2.24
356,Port Blair,IN,2022-07-26 22:00:19,11.6667,92.75,80.83,82,100,2.66
357,Egvekinot,RU,2022-07-26 22:00:20,66.3167,-179.1667,45.03,57,85,4.12
358,Boyolangu,ID,2022-07-26 22:00:20,-8.1181,111.8935,71.04,92,37,1.83
359,Saint-Francois,FR,2022-07-26 21:56:45,46.4154,3.9054,65.64,63,0,6.91
360,Port Hardy,CA,2022-07-26 21:59:57,50.6996,-127.4199,68.18,73,0,4.61
361,Hualmay,PE,2022-07-26 22:00:21,-11.0964,-77.6139,64.44,76,76,13.24
362,Stanari,BA,2022-07-26 22:00:21,44.7472,17.8294,66.88,96,78,1.77
363,Durango,MX,2022-07-26 21:57:09,24.8333,-104.8333,76.64,36,100,4.12
364,Dzhebariki-Khaya,RU,2022-07-26 22:00:22,62.2167,135.8,70.25,61,18,2.06
365,Uyemskiy,RU,2022-07-26 22:00:23,64.4743,40.8524,62.65,77,20,4.47
366,Bethel,US,2022-07-26 22:00:24,41.3712,-73.414,83.17,53,76,5.93
367,Port Hedland,AU,2022-07-26 22:01:24,-20.3167,118.5667,57.25,54,14,8.05
368,Kahului,US,2022-07-26 22:01:25,20.8947,-156.47,82.98,86,19,13.0
369,Primo Tapia,MX,2022-07-26 22:01:25,32.22,-116.9172,79.95,66,74,9.28
370,Loukhi,RU,2022-07-26 22:01:25,66.0764,33.0381,64.62,81,100,9.37
371,Buala,SB,2022-07-26 22:01:26,-8.145,159.5921,81.9,76,92,5.5
372,Glyadyanskoye,RU,2022-07-26 22:01:26,54.9075,65.0883,64.9,89,100,3.71
373,Pokosnoye,RU,2022-07-26 22:01:26,55.5258,101.0536,49.05,95,41,3.04
374,Iranshahr,IR,2022-07-26 22:01:27,27.2025,60.6848,82.51,63,100,11.72
375,Bereznik,RU,2022-07-26 22:01:27,62.8551,42.7072,57.2,84,39,4.05
376,Nioro,GM,2022-07-26 22:01:28,13.35,-15.75,78.22,88,87,5.79
377,Bara,NG,2022-07-26 22:01:28,10.3744,10.7288,74.44,87,97,6.55
378,Bowen,AU,2022-07-26 22:01:28,-20.0167,148.2333,63.05,82,0,6.31
379,Sitka,US,2022-07-26 22:01:29,57.0531,-135.33,60.69,82,100,5.75
380,Bandarbeyla,SO,2022-07-26 22:00:00,9.4942,50.8122,76.3,80,29,30.87
381,Fort Nelson,CA,2022-07-26 22:01:29,58.8053,-122.7002,86.56,29,45,11.86
382,Quesnel,CA,2022-07-26 22:01:29,52.9999,-122.5029,88.09,33,17,2.77
383,Boende,CD,2022-07-26 22:01:30,-0.2167,20.8667,71.64,96,100,3.49
384,Pinsk,BY,2022-07-26 22:01:30,52.1229,26.0951,65.7,60,100,6.96
385,Bontang,ID,2022-07-26 22:01:31,0.1333,117.5,76.26,91,100,5.12
386,Paragominas,BR,2022-07-26 22:01:31,-2.9667,-47.4833,79.52,54,100,3.71
387,Paralimni,CY,2022-07-26 22:01:31,35.0375,33.9833,81.14,58,0,3.0
388,Sorland,NO,2022-07-26 22:01:32,67.667,12.6934,52.93,90,100,30.36
389,Yumen,CN,2022-07-26 22:01:32,40.2833,97.2,73.49,17,7,10.29
390,Princeton,US,2022-07-26 21:59:38,25.5384,-80.4089,83.01,86,99,7.0
391,Show Low,US,2022-07-26 22:00:57,34.2542,-110.0298,79.09,51,75,8.05
392,Peniche,PT,2022-07-26 22:01:33,39.3558,-9.3811,68.29,88,0,16.78
393,Bonthe,SL,2022-07-26 22:01:33,7.5264,-12.505,75.88,83,53,6.31
394,Puerto Carreno,CO,2022-07-26 22:01:33,6.189,-67.4859,76.77,86,100,4.76
395,Fonte Boa,BR,2022-07-26 22:01:34,-2.4959,-66.2662,80.6,78,80,0.85
396,Aksha,RU,2022-07-26 22:01:34,50.2814,113.2867,57.6,95,100,10.76
397,Wanning,CN,2022-07-26 22:01:34,18.8003,110.3967,78.66,89,19,3.83
398,Boa Vista,BR,2022-07-26 21:59:32,2.8197,-60.6733,84.18,65,75,6.91
399,Severo-Kurilsk,RU,2022-07-26 22:01:35,50.6789,156.125,54.52,81,96,6.13
400,Kargil,IN,2022-07-26 22:01:35,34.5667,76.1,59.92,66,61,4.34
401,Adre,TD,2022-07-26 22:01:36,13.4667,22.2,75.36,69,90,7.16
402,Rovnoye,RU,2022-07-26 22:01:36,50.7765,46.0509,66.13,90,55,3.47
403,Shwebo,MM,2022-07-26 22:01:36,22.5667,95.7,82.63,69,74,4.76
404,Abonnema,NG,2022-07-26 22:01:37,4.7084,6.7931,75.09,92,95,4.63
405,Tarakan,ID,2022-07-26 22:01:37,3.3,117.6333,77.59,86,98,6.42
406,Komsomolskiy,UZ,2022-07-26 22:01:37,40.4272,71.7189,85.24,18,4,0.76
407,Port Lincoln,AU,2022-07-26 22:01:28,-34.7333,135.8667,51.42,79,100,11.88
408,Abu Dhabi,AE,2022-07-26 22:01:38,24.4667,54.3667,90.97,59,100,20.45
409,Portland,US,2022-07-26 22:01:38,45.5234,-122.6762,102.58,33,0,5.75
410,Geraldton,AU,2022-07-26 22:01:39,-28.7667,114.6,43.21,87,0,11.5
411,Sao Geraldo Do Araguaia,BR,2022-07-26 22:01:39,-6.4006,-48.555,83.1,35,24,3.71
412,Odweyne,SO,2022-07-26 22:02:39,9.4092,45.064,74.59,37,85,18.19
413,Ponnampet,IN,2022-07-26 22:00:17,12.15,75.9333,66.31,95,100,1.79
414,Aklavik,CA,2022-07-26 21:58:34,68.2191,-135.0107,65.37,36,100,17.76
415,Golden,US,2022-07-26 22:00:22,39.7555,-105.2211,88.16,46,75,16.11
416,Rokytnice Nad Jizerou,CZ,2022-07-26 22:02:40,50.7256,15.4336,61.81,76,71,3.76
417,Marsh Harbour,BS,2022-07-26 22:00:06,26.5412,-77.0636,83.91,76,75,15.17
418,Waynesboro,US,2022-07-26 22:02:41,38.0685,-78.8895,80.15,73,40,3.44
419,Senanga,ZM,2022-07-26 22:02:41,-16.1167,23.2667,56.52,42,19,7.05
420,Westport,US,2022-07-26 21:58:34,41.1415,-73.3579,83.71,58,76,1.99
421,Kimbe,PG,2022-07-26 22:02:42,-5.5502,150.1429,78.75,84,72,3.13
422,Pangnirtung,CA,2022-07-26 22:02:42,66.1451,-65.7125,50.97,67,74,3.96
423,Mukhen,RU,2022-07-26 22:02:42,48.1,136.1,68.45,96,89,0.78
424,Gari,RU,2022-07-26 22:02:43,59.4307,62.3497,50.65,71,2,5.32
425,Vila Velha,BR,2022-07-26 22:02:43,-20.3297,-40.2925,72.95,86,40,5.59
426,Tuatapere,NZ,2022-07-26 22:02:43,-46.1333,167.6833,44.82,95,100,7.43
427,Chabahar,IR,2022-07-26 22:02:44,25.2919,60.643,82.2,85,97,17.83
428,Palmas,BR,2022-07-26 22:02:44,-10.2128,-48.3603,79.66,30,82,4.79
429,San Quintin,MX,2022-07-26 22:02:44,30.4833,-115.95,73.78,65,14,12.64
430,Miracema Do Tocantins,BR,2022-07-26 22:02:45,-9.5618,-48.3967,80.89,30,64,4.5
431,Tarime,TZ,2022-07-26 22:00:35,-1.35,34.3667,66.61,55,95,1.83
432,Acarau,BR,2022-07-26 22:02:45,-2.8856,-40.12,78.12,74,54,14.52
433,College,US,2022-07-26 22:02:46,64.8569,-147.8028,59.0,50,95,8.99
434,Norrtalje,SE,2022-07-26 22:02:46,59.758,18.705,63.84,69,48,8.23
435,Ciudad Bolivar,VE,2022-07-26 22:00:15,8.1222,-63.5497,86.88,54,68,2.77
436,Flinders,AU,2022-07-26 22:02:47,-34.5833,150.8552,51.19,67,4,10.0
437,Singkang,MY,2022-07-26 22:02:47,2.1006,102.7994,74.79,95,88,2.08
438,Bulgan,MN,2022-07-26 22:02:47,48.8125,103.5347,49.59,91,100,3.29
439,Honiara,SB,2022-07-26 22:02:48,-9.4333,159.95,82.53,70,59,4.0
440,Kambove,CD,2022-07-26 22:02:48,-10.8764,26.5969,58.42,50,7,4.9
441,Marshfield,US,2022-07-26 22:01:51,44.6689,-90.1718,79.68,61,55,6.98
442,Orlik,RU,2022-07-26 22:02:48,52.5178,99.825,42.82,84,55,0.63
443,Iquitos,PE,2022-07-26 22:02:49,-3.7481,-73.2472,77.2,95,69,1.03
444,Ankazoabo,MG,2022-07-26 22:02:49,-22.2833,44.5167,59.0,70,0,10.29
445,Riachao Das Neves,BR,2022-07-26 22:02:49,-11.7461,-44.91,73.47,39,43,3.8
446,Dingzhou,CN,2022-07-26 22:02:50,38.5131,114.9956,76.28,76,75,3.85
447,Razdolinsk,RU,2022-07-26 22:02:50,58.4211,94.6658,54.36,98,100,8.55
448,Coachella,US,2022-07-26 22:00:28,33.6803,-116.1739,107.44,28,0,7.0
449,Camapua,BR,2022-07-26 22:02:51,-19.5314,-54.0439,78.76,29,0,3.27
450,Xai-Xai,MZ,2022-07-26 22:02:51,-25.0519,33.6442,61.02,80,0,5.88
451,Sangar,RU,2022-07-26 22:02:51,63.9242,127.4739,69.12,72,90,0.92
452,Pozo Colorado,PY,2022-07-26 22:02:52,-23.4923,-58.7972,82.94,30,3,5.3
453,Baculin,PH,2022-07-26 22:02:52,7.4525,126.5842,78.15,83,64,4.54
454,Vanimo,PG,2022-07-26 22:02:52,-2.6741,141.3028,78.67,85,86,4.94
455,Algeciras,ES,2022-07-26 22:02:15,36.1333,-5.4505,83.88,39,0,11.5
456,Marolambo,MG,2022-07-26 22:02:53,-20.05,48.1167,60.58,98,76,0.34
457,Narasannapeta,IN,2022-07-26 22:03:53,18.4167,84.05,79.56,86,100,3.04
458,Bengkulu,ID,2022-07-26 22:03:54,-3.8004,102.2655,75.43,87,100,3.47
459,Puerto Berrio,CO,2022-07-26 22:03:54,6.4916,-74.4033,85.06,68,59,2.44
460,Lagos,NG,2022-07-26 22:01:44,6.5833,3.75,75.09,93,93,6.51
461,Setermoen,NO,2022-07-26 21:59:57,68.861,18.3486,58.44,87,100,1.99
462,Ust-Kuyga,RU,2022-07-26 22:03:54,70.0167,135.6,68.63,63,77,1.1
463,Godalming,GB,2022-07-26 22:03:55,51.1846,-0.6173,65.03,70,100,6.91
464,Crixas,BR,2022-07-26 22:03:55,-14.5489,-49.9692,78.48,28,0,4.92
465,Salym,RU,2022-07-26 22:03:55,60.0625,71.4789,52.93,76,31,5.53
466,Anadyr,RU,2022-07-26 22:01:12,64.75,177.4833,50.5,81,40,17.9
467,Lompoc,US,2022-07-26 22:01:26,34.6391,-120.4579,87.78,70,75,9.22
468,Qaqortoq,GL,2022-07-26 22:03:56,60.7167,-46.0333,45.16,88,32,3.42
469,Agadez,NE,2022-07-26 22:03:56,19.75,10.25,88.23,13,51,9.95
470,Kirovskiy,RU,2022-07-26 22:03:57,45.0917,133.5136,70.7,92,4,2.1
471,Vao,NC,2022-07-26 22:03:57,-22.6667,167.4833,67.98,63,0,8.41
472,Chitapur,IN,2022-07-26 22:03:57,17.1167,77.0833,74.08,90,100,1.48
473,Auki,SB,2022-07-26 22:03:58,-8.7676,160.7034,82.09,70,30,3.13
474,Kautokeino,NO,2022-07-26 22:03:58,69.0125,23.0412,57.11,94,100,3.85
475,San Antonio,US,2022-07-26 22:02:00,29.4241,-98.4936,104.05,33,0,12.66
476,Havre-Saint-Pierre,CA,2022-07-26 22:02:59,50.2334,-63.5986,60.73,79,19,19.89
477,Simplicio Mendes,BR,2022-07-26 22:03:59,-7.8539,-41.9103,80.56,36,85,8.37
478,Mirnyy,RU,2022-07-26 22:03:59,62.5353,113.9611,71.24,64,0,3.09
479,Sola,VU,2022-07-26 22:04:00,-13.8833,167.55,80.26,79,28,13.56
480,Lichinga,MZ,2022-07-26 22:04:00,-13.3128,35.2406,53.73,84,27,9.1
481,Polyarnyy,RU,2022-07-26 22:04:00,69.1989,33.4478,58.8,97,100,13.29
482,Mogadishu,SO,2022-07-26 22:04:01,2.0371,45.3438,75.49,83,46,22.1
483,Parkes,AU,2022-07-26 22:04:01,-33.1333,148.1833,37.35,88,4,5.53
484,Brownsville,US,2022-07-26 22:04:01,25.9018,-97.4975,96.8,56,20,21.85
485,Paita,PE,2022-07-26 22:04:02,-5.0892,-81.1144,65.77,81,98,18.23
486,Tadine,NC,2022-07-26 22:04:02,-21.55,167.8833,70.63,68,1,6.58
487,Cururupu,BR,2022-07-26 22:04:02,-1.8283,-44.8683,75.72,85,45,3.69
488,Tezu,IN,2022-07-26 22:04:03,27.9167,96.1667,73.63,94,81,2.55
489,Saint Anthony,US,2022-07-26 22:04:03,45.0205,-93.218,77.49,82,100,6.91
490,Quatre Cocos,MU,2022-07-26 22:04:03,-20.2078,57.7625,67.08,83,25,10.58
491,Ayr,GB,2022-07-26 22:01:14,55.4627,-4.6339,54.32,76,0,2.3
492,Aksu,CN,2022-07-26 22:04:04,41.1231,80.2644,82.65,25,3,1.59
493,Boyuibe,BO,2022-07-26 22:04:04,-20.4167,-63.2833,82.02,39,4,13.29
494,Catio,GW,2022-07-26 22:04:05,11.2833,-15.25,77.22,83,100,5.7
495,Ginir,ET,2022-07-26 22:04:05,7.1333,40.7,62.19,57,95,18.99
496,Vaitape,PF,2022-07-26 22:02:58,-16.5167,-151.75,77.58,75,64,10.02
497,Nouadhibou,MR,2022-07-26 22:04:05,20.931,-17.0347,71.58,92,30,7.72
498,Le Vauclin,MQ,2022-07-26 22:04:06,14.5452,-60.8388,84.25,74,20,13.8
499,Uray,RU,2022-07-26 22:04:06,60.1247,64.7758,52.05,63,12,5.73
500,Utiel,ES,2022-07-26 22:04:06,39.5667,-1.2,69.78,91,9,6.53
501,Goksun,TR,2022-07-26 22:04:07,38.021,36.4973,61.54,55,0,6.98
502,Peace River,CA,2022-07-26 22:02:25,56.2501,-117.286,78.53,41,25,5.7
503,Issa,RU,2022-07-26 22:04:07,53.8705,44.8578,65.41,88,11,5.44
504,Biasca,CH,2022-07-26 22:05:08,46.3597,8.9697,73.36,83,21,7.14
505,Grindavik,IS,2022-07-26 22:05:08,63.8424,-22.4338,54.07,100,100,16.11
506,Moussoro,TD,2022-07-26 22:05:08,13.6408,16.4901,84.63,60,66,16.55
507,Kokopo,PG,2022-07-26 22:05:09,-4.352,152.2633,80.29,75,84,3.04
508,Havoysund,NO,2022-07-26 22:05:09,70.9963,24.6622,53.83,92,100,7.92
509,Bauchi,NG,2022-07-26 22:05:09,10.5,10.0,73.81,91,99,3.4
510,Tevaitoa,PF,2022-07-26 22:05:10,-16.7833,-151.5,76.26,79,49,9.53
511,Millerovo,RU,2022-07-26 22:05:10,48.9226,40.3967,66.18,80,11,2.98
512,Gilbues,BR,2022-07-26 22:05:10,-9.8317,-45.3439,75.72,40,97,6.13
513,Male,MV,2022-07-26 22:05:11,4.1748,73.5089,81.41,79,82,18.28
514,Victor Harbor,AU,2022-07-26 22:05:11,-35.5667,138.6167,49.68,78,100,12.84
515,East Brainerd,US,2022-07-26 22:05:12,34.9959,-85.1502,89.37,68,75,10.36
516,Rafaela,AR,2022-07-26 22:05:12,-31.2503,-61.4867,75.99,57,60,8.08
517,Sungairaya,ID,2022-07-26 22:05:12,0.7,108.9,76.42,91,100,5.68
518,Kayerkan,RU,2022-07-26 22:05:13,69.3497,87.7602,51.53,100,67,5.61
519,Rocha,UY,2022-07-26 22:01:27,-34.4833,-54.3333,61.38,96,98,4.56
520,Hlotse,LS,2022-07-26 22:05:13,-28.8718,28.045,48.56,42,79,2.68
521,Baripada,IN,2022-07-26 22:05:13,21.935,86.7214,79.83,86,99,5.35
522,Prince Rupert,CA,2022-07-26 22:01:59,54.3161,-130.3201,70.38,72,43,5.68
523,Port-Cartier,CA,2022-07-26 22:05:14,50.0334,-66.8654,66.67,62,92,8.23
524,Bama,NG,2022-07-26 22:05:15,11.5221,13.6856,77.38,66,94,8.97
525,Hofn,IS,2022-07-26 22:05:15,64.2539,-15.2082,50.25,88,100,2.3
526,Half Moon Bay,US,2022-07-26 22:00:34,37.4636,-122.4286,84.42,66,100,10.36
527,Shipunovo,RU,2022-07-26 22:05:15,52.1582,82.2173,59.99,68,7,6.76
528,Mecca,SA,2022-07-26 22:05:16,21.4267,39.8261,91.13,48,79,7.76
529,Doha,QA,2022-07-26 22:05:16,25.2867,51.5333,93.51,72,20,9.22
530,Maceio,BR,2022-07-26 22:02:39,-9.6658,-35.7353,74.64,88,100,10.36
531,Murshidabad,IN,2022-07-26 22:05:17,24.1833,88.2667,79.2,83,66,6.29
532,Warrington,GB,2022-07-26 22:02:18,53.3925,-2.5802,58.98,82,20,5.75
533,Poum,NC,2022-07-26 22:02:40,-20.2333,164.0167,73.36,73,1,8.03
534,San Patricio,US,2022-07-26 22:03:22,28.017,-97.5169,98.19,41,51,17.65
535,Kintampo,GH,2022-07-26 22:05:17,8.0563,-1.7306,70.12,96,100,3.76
536,Ulladulla,AU,2022-07-26 22:05:18,-35.35,150.4667,47.91,67,21,8.66
537,Tual,ID,2022-07-26 22:05:18,-5.6667,132.75,78.96,79,35,24.4
538,Bejar,ES,2022-07-26 22:05:18,40.3864,-5.7634,67.28,43,0,4.23
539,Grand-Lahou,CI,2022-07-26 22:05:19,5.1367,-5.0242,76.24,83,100,11.74
540,Neiafu,TO,2022-07-26 22:05:19,-18.65,-173.9833,76.6,69,69,16.53
541,Namanga,KE,2022-07-26 22:05:19,-2.5433,36.7905,58.69,78,84,2.37
542,Jalu,LY,2022-07-26 22:05:20,29.0331,21.5482,84.67,39,5,15.75
543,Caorle,IT,2022-07-26 22:05:20,45.5966,12.8758,76.96,75,69,15.5
544,Buriti Alegre,BR,2022-07-26 22:05:21,-18.14,-49.0403,69.78,34,0,3.65
545,Itarantim,BR,2022-07-26 22:01:51,-15.6597,-40.0656,66.99,76,80,5.19
546,Chatham,GB,2022-07-26 22:06:20,51.3789,0.5279,62.62,76,100,1.99
547,Mahajanga,MG,2022-07-26 22:06:22,-15.7167,46.3167,69.46,84,1,3.47
548,Hay River,CA,2022-07-26 22:05:30,60.8156,-115.7999,70.14,43,16,9.73
549,Maniitsoq,GL,2022-07-26 22:06:22,65.4167,-52.9,40.62,91,82,9.44
550,Hanmer Springs,NZ,2022-07-26 22:06:22,-42.5167,172.8167,43.27,98,100,3.06
551,Vilhena,BR,2022-07-26 22:01:52,-12.7406,-60.1458,77.86,35,62,3.71
552,Beruwala,LK,2022-07-26 22:06:23,6.4788,79.9828,76.8,90,100,0.98
553,Alice Springs,AU,2022-07-26 22:02:28,-23.7,133.8833,29.75,86,0,3.44
554,Sidney,AU,2022-07-26 22:05:06,-33.8679,151.2073,50.72,66,20,14.97
555,Kant,IN,2022-07-26 22:06:24,27.8,79.8,83.44,73,88,6.08
556,Mount Pleasant,US,2022-07-26 22:04:27,32.7941,-79.8626,92.3,68,0,13.8
557,Ust-Kut,RU,2022-07-26 22:06:24,56.7938,105.7672,52.59,96,50,3.47
558,Sulangan,PH,2022-07-26 22:06:25,11.1373,123.7228,83.68,72,89,4.5
559,Atyrau,KZ,2022-07-26 22:06:25,47.1167,51.8833,73.42,88,0,8.95
560,Karpogory,RU,2022-07-26 22:06:25,64.0019,44.4451,57.22,79,63,4.61
561,Dandong,CN,2022-07-26 22:06:26,40.1292,124.3947,74.95,92,93,2.1
562,Gusau,NG,2022-07-26 22:06:26,12.1628,6.6614,78.13,79,100,10.85
563,Asheville,US,2022-07-26 22:03:21,35.6009,-82.554,83.03,78,20,4.61
564,Numan,NG,2022-07-26 22:06:26,9.4667,12.0333,77.52,77,99,8.5
565,Dudinka,RU,2022-07-26 22:06:02,69.4058,86.1778,52.63,82,50,7.52
566,Guantanamo,CU,2022-07-26 22:06:27,20.1444,-75.2092,87.37,61,84,10.04
567,Tall Kayf,TR,2022-07-26 22:06:27,37.0833,41.0667,77.34,13,0,4.72
568,Atasu,KZ,2022-07-26 22:06:27,48.6814,71.6433,79.2,19,43,12.71
569,Shalinskoye,RU,2022-07-26 22:05:18,55.7228,93.7594,47.84,96,28,5.73
570,Quatis,BR,2022-07-26 22:06:28,-22.4072,-44.2581,62.94,84,0,1.07
