City_ID,City,Country,Date,Lat,Lng,Max Temp,Humidity,Cloudiness,Wind Speed,Current Description,Rain inches (last 3 hrs),Snow inches (last 3 hrs)
0,Punta Arenas,CL,2022-08-02 16:40:20,-53.15,-70.9167,44.71,76,75,10.36,light rain,0,0
1,Kavaratti,IN,2022-08-02 16:40:32,10.5669,72.642,78.21,83,100,31.61,overcast clouds,0,0
2,Rikitea,PF,2022-08-02 16:40:08,-23.1203,-134.9692,72.07,76,92,20.11,overcast clouds,0,0
3,Esperance,AU,2022-08-02 16:38:23,-33.8667,121.9,53.13,65,100,31.99,overcast clouds,0,0
4,Pangnirtung,CA,2022-08-02 16:40:33,66.1451,-65.7125,46.4,81,75,10.36,broken clouds,0,0
5,Nome,US,2022-08-02 16:37:33,64.5011,-165.4064,53.67,82,0,0.0,clear sky,0,0
6,Hermanus,ZA,2022-08-02 16:40:17,-34.4187,19.2345,57.79,79,15,2.33,few clouds,0,0
7,Hobart,AU,2022-08-02 16:37:06,-42.8794,147.3294,56.26,66,40,10.36,scattered clouds,0,0
8,Ushuaia,AR,2022-08-02 16:37:47,-54.8,-68.3,42.46,81,75,4.61,light intensity drizzle,0,0
9,Severo-Kurilsk,RU,2022-08-02 16:40:34,50.6789,156.125,51.53,85,84,7.14,broken clouds,0,0
10,Barcelos,PT,2022-08-02 16:40:34,41.5388,-8.6151,90.91,50,7,5.84,clear sky,0,0
11,Clyde River,CA,2022-08-02 16:40:34,70.4692,-68.5914,41.23,100,100,12.66,mist,0,0
12,Muros,ES,2022-08-02 16:40:35,42.7762,-9.0603,93.69,58,14,11.72,few clouds,0,0
13,Vaini,TO,2022-08-02 16:40:35,-21.2,-175.2,73.56,94,20,8.05,few clouds,0,0
14,Bardiyah,LY,2022-08-02 16:40:35,31.7561,25.0865,81.46,68,0,13.29,clear sky,0,0
15,Jamestown,US,2022-08-02 16:36:26,42.097,-79.2353,77.52,56,75,14.97,broken clouds,0,0
16,Grindavik,IS,2022-08-02 16:40:36,63.8424,-22.4338,53.55,62,75,23.02,broken clouds,0,0
17,Sorong,ID,2022-08-02 16:40:36,-0.8833,131.25,76.66,90,100,7.29,overcast clouds,0,0
18,Wagar,SD,2022-08-02 16:40:37,16.1525,36.2032,85.77,48,100,9.24,overcast clouds,0,0
19,Kavieng,PG,2022-08-02 16:40:37,-2.5744,150.7967,81.86,72,88,18.28,overcast clouds,0,0
20,Araouane,ML,2022-08-02 16:40:37,18.9048,-3.5265,102.18,24,20,10.4,few clouds,0,0
21,Andenes,NO,2022-08-02 16:40:38,69.3143,16.1194,53.58,82,40,9.22,scattered clouds,0,0
22,Alofi,NU,2022-08-02 16:40:38,-19.0595,-169.9187,73.29,88,8,8.05,clear sky,0,0
23,Acapulco,MX,2022-08-02 16:40:28,16.8634,-99.8901,87.62,62,40,3.44,scattered clouds,0,0
24,Hilo,US,2022-08-02 16:40:15,19.7297,-155.09,72.28,87,75,5.75,broken clouds,0,0
25,Busselton,AU,2022-08-02 16:40:39,-33.65,115.3333,51.53,66,95,26.57,light rain,0,0
26,Mar Del Plata,AR,2022-08-02 16:36:45,-38.0023,-57.5575,54.95,90,100,15.01,overcast clouds,0,0
27,Sao Filipe,CV,2022-08-02 16:40:40,14.8961,-24.4956,78.91,76,67,3.29,broken clouds,0,0
28,Kayes,ML,2022-08-02 16:40:40,14.0,-11.0,89.6,48,30,4.61,scattered clouds,0,0
29,Belgatoy,RU,2022-08-02 16:40:41,43.19,45.8308,85.59,52,60,5.21,light rain,0,0
30,Puerto Ayora,EC,2022-08-02 16:40:41,-0.7393,-90.3518,75.16,83,76,10.0,broken clouds,0,0
31,Bandarbeyla,SO,2022-08-02 16:40:41,9.4942,50.8122,76.6,78,10,31.47,clear sky,0,0
32,Hithadhoo,MV,2022-08-02 16:40:42,-0.6,73.0833,80.85,74,25,12.95,scattered clouds,0,0
33,Carnarvon,AU,2022-08-02 16:40:42,-24.8667,113.6333,62.67,72,75,19.57,broken clouds,0,0
34,Hami,CN,2022-08-02 16:40:43,42.8,93.45,79.07,43,100,6.6,overcast clouds,0,0
35,Grand Gaube,MU,2022-08-02 16:40:43,-20.0064,57.6608,70.2,73,3,1.99,clear sky,0,0
36,Chongwe,ZM,2022-08-02 16:40:44,-15.3292,28.682,62.13,58,9,8.28,clear sky,0,0
37,Pevek,RU,2022-08-02 16:40:44,69.7008,170.3133,38.07,98,100,6.13,light rain,0,0
38,Yeniseysk,RU,2022-08-02 16:40:44,58.4497,92.1703,52.74,85,100,3.96,overcast clouds,0,0
39,Sungaipenuh,ID,2022-08-02 16:40:45,-2.0833,101.3833,65.37,98,100,0.87,light rain,0,0
40,Guerrero Negro,MX,2022-08-02 16:40:45,27.9769,-114.0611,80.26,52,91,11.56,overcast clouds,0,0
41,Saint-Francois,FR,2022-08-02 16:38:16,46.4154,3.9054,90.84,27,0,3.44,clear sky,0,0
42,Port Elizabeth,ZA,2022-08-02 16:40:45,-33.918,25.5701,60.31,78,0,2.3,clear sky,0,0
43,San Patricio,US,2022-08-02 16:40:46,28.017,-97.5169,95.07,40,22,14.0,few clouds,0,0
44,Alyangula,AU,2022-08-02 16:40:46,-13.8483,136.4192,72.61,94,34,7.67,scattered clouds,0,0
45,Slave Lake,CA,2022-08-02 16:38:33,55.2834,-114.769,57.18,88,100,6.91,overcast clouds,0,0
46,Verkhnyaya Maksakovka,RU,2022-08-02 16:40:47,61.635,50.9674,71.62,64,20,2.24,few clouds,0,0
47,Avarua,CK,2022-08-02 16:40:47,-21.2078,-159.775,73.45,60,100,5.75,overcast clouds,0,0
48,Haines Junction,CA,2022-08-02 16:40:47,60.7522,-137.5108,49.95,93,98,2.3,overcast clouds,0,0
49,Auki,SB,2022-08-02 16:40:48,-8.7676,160.7034,76.12,89,78,5.1,broken clouds,0,0
50,Chuy,UY,2022-08-02 16:40:48,-33.6971,-53.4616,62.47,80,99,8.32,overcast clouds,0,0
51,Cabo San Lucas,MX,2022-08-02 16:39:12,22.8909,-109.9124,90.61,60,40,1.01,scattered clouds,0,0
52,Kaitangata,NZ,2022-08-02 16:40:49,-46.2817,169.8464,46.99,77,61,14.9,broken clouds,0,0
53,Beloha,MG,2022-08-02 16:40:49,-25.1667,45.05,62.2,64,2,10.85,clear sky,0,0
54,Provideniya,RU,2022-08-02 16:40:49,64.3833,-173.3,52.45,61,28,4.92,scattered clouds,0,0
55,Nyimba,ZM,2022-08-02 16:40:50,-14.5566,30.8149,66.96,63,69,8.9,broken clouds,0,0
56,Cockburn Town,TC,2022-08-02 16:40:50,21.4612,-71.1419,82.44,72,15,13.94,few clouds,0,0
57,Novopokrovka,UA,2022-08-02 16:40:50,49.8425,36.5477,70.32,75,75,13.09,broken clouds,0,0
58,Lavrentiya,RU,2022-08-02 16:40:51,65.5833,-171.0,51.94,64,12,5.39,few clouds,0,0
59,Antofagasta,CL,2022-08-02 16:40:51,-23.65,-70.4,60.08,66,46,6.87,scattered clouds,0,0
60,Elk Point,US,2022-08-02 16:40:52,42.6833,-96.6836,89.76,18,14,16.55,few clouds,0,0
61,Medicine Hat,CA,2022-08-02 16:36:20,50.0501,-110.6683,70.72,63,75,8.05,broken clouds,0,0
62,Maceio,BR,2022-08-02 16:40:52,-9.6658,-35.7353,76.44,94,100,11.5,light rain,0,0
63,Ozerki,RU,2022-08-02 16:40:53,57.6167,39.8833,75.22,53,0,2.24,clear sky,0,0
64,Ilulissat,GL,2022-08-02 16:40:53,69.2167,-51.1,48.22,87,75,5.75,broken clouds,0,0
65,Ponta Do Sol,PT,2022-08-02 16:40:53,32.6667,-17.1,84.7,67,1,3.04,clear sky,0,0
66,Ewa Beach,US,2022-08-02 16:40:54,21.3156,-158.0072,76.95,71,75,15.01,broken clouds,0,0
67,Mataura,NZ,2022-08-02 16:40:15,-46.1927,168.8643,44.47,79,72,9.37,broken clouds,0,0
68,Tessalit,ML,2022-08-02 16:36:40,20.1986,1.0114,77.23,72,70,21.27,heavy intensity rain,0,0
69,Quatre Cocos,MU,2022-08-02 16:40:54,-20.2078,57.7625,69.91,66,0,12.17,clear sky,0,0
70,Xuddur,SO,2022-08-02 16:40:55,4.1213,43.8894,79.32,50,92,20.67,overcast clouds,0,0
71,Albany,US,2022-08-02 16:40:17,42.6001,-73.9662,83.62,67,35,9.4,scattered clouds,0,0
72,Yellowknife,CA,2022-08-02 16:38:03,62.456,-114.3525,63.12,45,20,5.75,few clouds,0,0
73,Pavilosta,LV,2022-08-02 16:40:55,56.8879,21.1859,66.11,69,100,10.04,overcast clouds,0,0
74,Asau,RO,2022-08-02 16:40:56,46.4333,26.4,76.28,63,42,3.42,scattered clouds,0,0
75,Post Falls,US,2022-08-02 16:40:56,47.718,-116.9516,77.88,44,0,4.61,clear sky,0,0
76,Tual,ID,2022-08-02 16:40:57,-5.6667,132.75,79.41,85,56,14.47,broken clouds,0,0
77,Victoria,HK,2022-08-02 16:39:46,22.2855,114.1577,86.38,78,100,8.01,heavy intensity rain,0,0
78,Chapais,CA,2022-08-02 16:40:57,49.7834,-74.8492,58.78,69,100,10.09,overcast clouds,0,0
79,Fort Saint James,CA,2022-08-02 16:40:58,54.4333,-124.25,65.43,45,68,3.69,broken clouds,0,0
80,New Norfolk,AU,2022-08-02 16:40:58,-42.7826,147.0587,54.91,72,100,1.99,overcast clouds,0,0
81,Saint-Philippe,RE,2022-08-02 16:40:58,-21.3585,55.7679,69.39,80,47,8.41,scattered clouds,0,0
82,Banda Aceh,ID,2022-08-02 16:40:59,5.5577,95.3222,76.89,85,100,17.16,overcast clouds,0,0
83,Kapaa,US,2022-08-02 16:40:59,22.0752,-159.319,77.32,84,40,17.27,scattered clouds,0,0
84,Kuching,MY,2022-08-02 16:41:00,1.55,110.3333,75.42,100,40,0.0,moderate rain,0,0
85,Loum,CM,2022-08-02 16:41:00,4.7182,9.7351,74.03,93,93,2.48,moderate rain,0,0
86,Tsabong,BW,2022-08-02 16:41:00,-26.0217,22.401,54.46,94,86,11.59,heavy intensity rain,0,0
87,East London,ZA,2022-08-02 16:41:01,-33.0153,27.9116,59.94,88,0,3.44,clear sky,0,0
88,Adrar,MR,2022-08-02 16:31:28,20.5022,-10.0711,102.34,19,26,8.88,scattered clouds,0,0
89,La Rioja,ES,2022-08-02 16:41:01,42.25,-2.5,92.98,19,3,7.05,clear sky,0,0
90,Karasburg,NA,2022-08-02 16:41:02,-28.0167,18.75,59.11,59,80,18.99,broken clouds,0,0
91,Khatanga,RU,2022-08-02 16:41:02,71.9667,102.5,44.17,69,100,5.61,overcast clouds,0,0
92,Qaanaaq,GL,2022-08-02 16:40:12,77.484,-69.3632,46.09,57,92,2.44,overcast clouds,0,0
93,Cape Town,ZA,2022-08-02 16:40:33,-33.9258,18.4232,59.11,85,0,9.22,clear sky,0,0
94,Namibe,AO,2022-08-02 16:41:03,-15.1961,12.1522,62.11,57,1,5.26,clear sky,0,0
95,Manicore,BR,2022-08-02 16:41:04,-5.8092,-61.3003,96.76,36,77,3.96,broken clouds,0,0
96,Peski,RU,2022-08-02 16:41:04,55.2163,38.7626,71.78,61,87,3.62,overcast clouds,0,0
97,Bonthe,SL,2022-08-02 16:41:05,7.5264,-12.505,74.93,88,100,10.65,light rain,0,0
98,Georgetown,MY,2022-08-02 16:41:05,5.4112,100.3354,80.53,94,40,5.01,scattered clouds,0,0
99,Castro,BR,2022-08-02 16:40:54,-24.7911,-50.0119,76.41,35,0,5.06,clear sky,0,0
100,Owensboro,US,2022-08-02 16:40:20,37.7742,-87.1133,78.85,78,40,6.91,scattered clouds,0,0
101,Bluff,NZ,2022-08-02 16:41:07,-46.6,168.3333,44.8,78,64,31.74,moderate rain,0,0
102,Sieradz,PL,2022-08-02 16:41:07,51.5958,18.7302,78.19,79,95,1.54,overcast clouds,0,0
103,Agadez,NE,2022-08-02 16:41:08,19.75,10.25,101.59,9,1,10.74,clear sky,0,0
104,Itarema,BR,2022-08-02 16:41:09,-2.9248,-39.9167,85.26,56,65,16.49,broken clouds,0,0
105,Salalah,OM,2022-08-02 16:39:16,17.0151,54.0924,77.09,94,100,9.22,light intensity drizzle,0,0
106,Sao Jose Da Coroa Grande,BR,2022-08-02 16:41:10,-8.8978,-35.1478,75.96,90,97,13.13,overcast clouds,0,0
107,Omboue,GA,2022-08-02 16:41:10,-1.5746,9.2618,75.42,72,95,9.69,overcast clouds,0,0
108,Merrill,US,2022-08-02 16:41:11,45.1805,-89.6835,77.77,66,0,8.05,clear sky,0,0
109,Norman Wells,CA,2022-08-02 16:41:12,65.282,-126.8329,60.84,59,75,6.91,broken clouds,0,0
110,Whitehorse,CA,2022-08-02 16:41:12,60.7161,-135.0538,54.37,88,75,8.05,broken clouds,0,0
111,Yulara,AU,2022-08-02 16:41:13,-25.2406,130.9889,61.27,46,58,8.95,broken clouds,0,0
112,Lanzhou,CN,2022-08-02 16:41:13,36.0564,103.7922,77.88,59,98,5.5,overcast clouds,0,0
113,Aleksandrovskoye,RU,2022-08-02 16:41:14,44.7142,43.0008,81.77,40,89,4.61,overcast clouds,0,0
114,Butaritari,KI,2022-08-02 16:41:14,3.0707,172.7902,81.55,74,79,18.72,broken clouds,0,0
115,Lebu,CL,2022-08-02 16:41:15,-37.6167,-73.65,51.6,62,1,13.04,clear sky,0,0
116,Faanui,PF,2022-08-02 16:41:16,-16.4833,-151.75,78.21,69,46,26.49,scattered clouds,0,0
117,Barrow,US,2022-08-02 16:41:16,71.2906,-156.7887,40.6,68,38,14.43,scattered clouds,0,0
118,San Cristobal,VE,2022-08-02 16:41:16,7.7669,-72.225,80.78,78,98,5.77,overcast clouds,0,0
119,Codrington,AU,2022-08-02 16:41:18,-38.2667,141.9667,53.08,71,100,26.35,overcast clouds,0,0
120,Bethel,US,2022-08-02 16:41:19,41.3712,-73.414,89.2,66,75,3.0,broken clouds,0,0
121,Port Alfred,ZA,2022-08-02 16:41:19,-33.5906,26.891,59.18,75,72,7.14,broken clouds,0,0
122,Oistins,BB,2022-08-02 16:41:20,13.0667,-59.5333,87.89,66,40,24.16,scattered clouds,0,0
123,Atuona,PF,2022-08-02 16:41:20,-9.8,-139.0333,76.51,72,8,19.8,clear sky,0,0
124,Cherskiy,RU,2022-08-02 16:40:54,68.75,161.3,52.9,98,100,5.35,moderate rain,0,0
125,Road Town,VG,2022-08-02 16:40:21,18.4167,-64.6167,91.49,79,75,9.22,broken clouds,0,0
126,Iqaluit,CA,2022-08-02 16:41:21,63.7506,-68.5145,46.13,81,100,3.44,light rain,0,0
127,Tuatapere,NZ,2022-08-02 16:41:21,-46.1333,167.6833,48.09,81,61,12.59,broken clouds,0,0
128,Misratah,LY,2022-08-02 16:41:22,32.3754,15.0925,84.38,61,0,11.86,clear sky,0,0
129,Westport,US,2022-08-02 16:39:08,41.1415,-73.3579,90.46,63,10,1.99,clear sky,0,0
130,Zyryanka,RU,2022-08-02 16:41:22,65.75,150.85,63.23,96,100,15.12,light rain,0,0
131,Qasigiannguit,GL,2022-08-02 16:41:23,68.8193,-51.1922,48.45,82,100,3.44,overcast clouds,0,0
132,Chokurdakh,RU,2022-08-02 16:41:23,70.6333,147.9167,52.34,68,100,5.3,overcast clouds,0,0
133,Egvekinot,RU,2022-08-02 16:41:24,66.3167,-179.1667,50.5,65,0,2.98,clear sky,0,0
134,Silva Jardim,BR,2022-08-02 16:41:24,-22.6508,-42.3917,78.78,45,2,7.83,clear sky,0,0
135,Sao Benedito Do Rio Preto,BR,2022-08-02 16:41:24,-3.3336,-43.5283,92.5,34,40,4.83,scattered clouds,0,0
136,Nioro,GM,2022-08-02 16:41:25,13.35,-15.75,84.67,69,71,9.1,light rain,0,0
137,Saskylakh,RU,2022-08-02 16:41:25,71.9167,114.0833,43.68,87,100,6.76,overcast clouds,0,0
138,Mahebourg,MU,2022-08-02 16:41:25,-20.4081,57.7,70.09,68,20,6.91,few clouds,0,0
139,Tautira,PF,2022-08-02 16:41:26,-17.7333,-149.15,76.55,69,18,22.24,few clouds,0,0
140,Okhotsk,RU,2022-08-02 16:41:26,59.3833,143.3,53.15,91,74,2.24,broken clouds,0,0
141,Leningradskiy,RU,2022-08-02 16:41:27,69.3833,178.4167,57.42,51,100,14.83,overcast clouds,0,0
142,Tocopilla,CL,2022-08-02 16:31:27,-22.092,-70.1979,63.19,71,12,4.7,few clouds,0,0
143,Bilma,NE,2022-08-02 16:41:27,18.6853,12.9164,98.78,27,71,10.16,broken clouds,0,0
144,Sabzevar,IR,2022-08-02 16:41:27,36.2126,57.6819,88.88,15,20,11.5,few clouds,0,0
145,Mantua,IT,2022-08-02 16:41:28,45.1667,10.7833,88.84,47,20,3.0,few clouds,0,0
146,Hofn,IS,2022-08-02 16:41:28,64.2539,-15.2082,50.61,67,27,14.74,scattered clouds,0,0
147,Kangaatsiaq,GL,2022-08-02 16:41:29,68.3065,-53.4641,44.4,87,100,8.03,overcast clouds,0,0
148,Shatoy,RU,2022-08-02 16:41:29,42.8714,45.6886,69.98,86,94,5.82,light rain,0,0
149,Bengkulu,ID,2022-08-02 16:41:32,-3.8004,102.2655,74.77,92,87,3.2,overcast clouds,0,0
150,Torbay,CA,2022-08-02 16:41:33,47.6666,-52.7314,81.75,64,75,9.22,broken clouds,0,0
151,Bambanglipuro,ID,2022-08-02 16:41:33,-7.95,110.2833,74.32,93,74,2.68,broken clouds,0,0
152,Geraldton,AU,2022-08-02 16:41:34,-28.7667,114.6,59.41,88,40,21.85,scattered clouds,0,0
153,Dali,CN,2022-08-02 16:41:34,25.7,100.1833,61.86,92,53,1.95,broken clouds,0,0
154,Zaragoza,ES,2022-08-02 16:40:19,41.6561,-0.8773,103.44,14,0,3.44,clear sky,0,0
155,Upernavik,GL,2022-08-02 16:41:35,72.7868,-56.1549,45.77,74,83,10.76,broken clouds,0,0
156,Faya,SA,2022-08-02 16:41:13,18.3851,42.4509,66.31,76,89,5.14,overcast clouds,0,0
157,Narsaq,GL,2022-08-02 16:40:56,60.9167,-46.05,57.42,60,100,7.47,overcast clouds,0,0
158,Nuuk,GL,2022-08-02 16:41:35,64.1835,-51.7216,54.21,66,75,17.27,broken clouds,0,0
159,Berdigestyakh,RU,2022-08-02 16:41:36,62.0989,126.6992,61.16,99,79,2.73,broken clouds,0,0
160,Tucupita,VE,2022-08-02 16:41:36,9.0622,-62.051,81.84,85,96,5.48,overcast clouds,0,0
161,Tokur,RU,2022-08-02 16:41:37,53.1333,132.9,55.31,99,98,3.15,light rain,0,0
162,Sistranda,NO,2022-08-02 16:41:37,63.7256,8.834,64.36,78,86,11.12,overcast clouds,0,0
163,Saldanha,ZA,2022-08-02 16:41:37,-33.0117,17.9442,59.05,77,26,10.58,scattered clouds,0,0
164,Bad Salzungen,DE,2022-08-02 16:41:38,50.8167,10.2333,84.74,28,71,2.89,broken clouds,0,0
165,Dikson,RU,2022-08-02 16:41:02,73.5069,80.5464,41.72,88,49,5.95,scattered clouds,0,0
166,Motril,ES,2022-08-02 16:41:38,36.7507,-3.5179,103.28,51,0,2.75,clear sky,0,0
167,Ust-Koksa,RU,2022-08-02 16:41:39,50.2696,85.6108,55.29,87,82,0.92,broken clouds,0,0
168,Arraial Do Cabo,BR,2022-08-02 16:40:17,-22.9661,-42.0278,78.76,69,20,9.22,few clouds,0,0
169,Ribeira Grande,PT,2022-08-02 16:41:39,38.5167,-28.7,77.4,78,40,11.5,scattered clouds,0,0
170,Brokopondo,SR,2022-08-02 16:41:40,4.75,-55.1667,85.93,62,20,2.26,few clouds,0,0
171,Ketchikan,US,2022-08-02 16:40:58,55.3422,-131.6461,57.67,94,100,10.36,mist,0,0
172,Majene,ID,2022-08-02 16:41:40,-3.5403,118.9707,76.87,90,98,8.79,moderate rain,0,0
173,Bredasdorp,ZA,2022-08-02 16:41:40,-34.5322,20.0403,50.99,82,11,2.55,few clouds,0,0
174,Kodiak,US,2022-08-02 16:41:41,57.79,-152.4072,58.51,58,0,12.66,clear sky,0,0
175,Akyab,MM,2022-08-02 16:41:41,20.15,92.9,82.27,83,100,2.93,overcast clouds,0,0
176,Landsberg,PL,2022-08-02 16:41:07,52.7368,15.2288,76.84,43,55,4.0,broken clouds,0,0
177,Tonantins,BR,2022-08-02 16:41:42,-2.8731,-67.8022,77.86,85,100,1.61,overcast clouds,0,0
178,Thompson,CA,2022-08-02 16:41:42,55.7435,-97.8558,57.36,100,100,4.61,overcast clouds,0,0
179,Shubarkuduk,KZ,2022-08-02 16:41:22,49.1447,56.4872,72.88,55,51,9.42,broken clouds,0,0
180,Takoradi,GH,2022-08-02 16:41:43,4.8845,-1.7554,76.37,68,49,12.28,scattered clouds,0,0
181,Kamenka,RU,2022-08-02 16:41:43,51.3223,42.7678,74.12,50,67,10.11,broken clouds,0,0
182,Kloulklubed,PW,2022-08-02 16:41:43,7.0419,134.2556,73.9,75,100,11.3,overcast clouds,0,0
183,Cidreira,BR,2022-08-02 16:41:44,-30.1811,-50.2056,63.55,72,25,8.61,scattered clouds,0,0
184,Kungurtug,RU,2022-08-02 16:41:44,50.5994,97.5228,53.44,83,42,1.61,scattered clouds,0,0
185,San Quintin,MX,2022-08-02 16:41:44,30.4833,-115.95,76.66,65,3,9.42,clear sky,0,0
186,Isangel,VU,2022-08-02 16:41:45,-19.55,169.2667,75.83,91,100,7.54,moderate rain,0,0
187,Orlik,RU,2022-08-02 16:41:45,52.5178,99.825,54.16,80,12,0.83,few clouds,0,0
188,Coffs Harbour,AU,2022-08-02 16:41:45,-30.3,153.1333,55.36,88,98,8.05,overcast clouds,0,0
189,Lac Du Bonnet,CA,2022-08-02 16:41:46,50.2536,-96.0612,74.35,60,59,8.72,broken clouds,0,0
190,Jacareacanga,BR,2022-08-02 16:41:46,-6.2222,-57.7528,93.63,39,83,5.59,broken clouds,0,0
191,Saint Anthony,US,2022-08-02 16:41:47,45.0205,-93.218,85.14,64,0,14.97,clear sky,0,0
192,Honolulu,US,2022-08-02 16:37:21,21.3069,-157.8583,76.82,75,40,15.01,scattered clouds,0,0
193,Portland,US,2022-08-02 16:41:47,45.5234,-122.6762,75.06,70,75,6.91,broken clouds,0,0
194,Shizunai,JP,2022-08-02 16:41:47,42.3339,142.3669,66.09,91,100,7.11,overcast clouds,0,0
195,Selikhino,RU,2022-08-02 16:41:48,50.3672,137.4996,64.89,97,63,2.75,broken clouds,0,0
196,Kruisfontein,ZA,2022-08-02 16:41:48,-34.0033,24.7314,54.75,64,67,2.86,broken clouds,0,0
197,Kholm-Zhirkovskiy,RU,2022-08-02 16:41:48,55.5189,33.4731,69.49,67,70,1.9,broken clouds,0,0
198,Souillac,MU,2022-08-02 16:41:49,-20.5167,57.5167,70.18,68,20,6.91,few clouds,0,0
199,Vostok,RU,2022-08-02 16:41:49,46.4856,135.8833,65.12,81,100,3.96,light rain,0,0
200,Imbituba,BR,2022-08-02 16:41:49,-28.24,-48.6703,67.86,88,8,5.99,clear sky,0,0
201,Avera,US,2022-08-02 16:41:50,33.194,-82.5271,89.38,41,90,9.55,overcast clouds,0,0
202,Lompoc,US,2022-08-02 16:41:50,34.6391,-120.4579,81.84,93,40,0.0,scattered clouds,0,0
203,Cape Canaveral,US,2022-08-02 16:41:51,28.4058,-80.6048,95.07,65,0,9.22,clear sky,0,0
204,Chone,EC,2022-08-02 16:40:58,-0.6833,-80.1,79.79,68,87,5.75,overcast clouds,0,0
205,Shahrud,IR,2022-08-02 16:41:51,36.4182,54.9763,77.9,31,0,12.19,clear sky,0,0
206,Sinnamary,GF,2022-08-02 16:41:51,5.3833,-52.95,83.03,76,31,10.07,light rain,0,0
207,Vao,NC,2022-08-02 16:41:53,-22.6667,167.4833,73.63,86,49,11.18,scattered clouds,0,0
208,Buala,SB,2022-08-02 16:41:53,-8.145,159.5921,78.66,85,77,7.9,light rain,0,0
209,Stromness,GB,2022-08-02 16:41:54,58.965,-3.296,66.16,79,78,15.01,broken clouds,0,0
210,Kipushi,CD,2022-08-02 16:41:54,-11.7667,27.2333,66.33,38,1,4.5,clear sky,0,0
211,Yerbogachen,RU,2022-08-02 16:41:54,61.2767,108.0108,65.12,88,100,3.53,light rain,0,0
212,Airai,TL,2022-08-02 16:41:55,-8.9266,125.4092,55.63,86,70,2.08,broken clouds,0,0
213,Dhidhdhoo,MV,2022-08-02 16:41:55,6.8833,73.1,80.92,78,100,23.0,overcast clouds,0,0
214,Codajas,BR,2022-08-02 16:41:56,-3.8367,-62.0569,94.17,42,100,5.01,overcast clouds,0,0
215,Deputatskiy,RU,2022-08-02 16:40:35,69.3,139.9,44.49,87,100,4.03,overcast clouds,0,0
216,Bathsheba,BB,2022-08-02 16:41:56,13.2167,-59.5167,88.41,86,40,24.16,scattered clouds,0,0
217,Solton,RU,2022-08-02 16:41:56,52.8429,86.4787,55.58,93,90,5.03,overcast clouds,0,0
218,Parana,AR,2022-08-02 16:37:39,-31.732,-60.5238,69.55,51,84,7.67,broken clouds,0,0
219,Yueyang,CN,2022-08-02 16:41:57,29.3333,113.0919,85.62,63,0,4.14,clear sky,0,0
220,Vestmannaeyjar,IS,2022-08-02 16:41:57,63.4427,-20.2734,54.18,62,74,1.21,broken clouds,0,0
221,Abu Dhabi,AE,2022-08-02 16:41:58,24.4667,54.3667,100.51,47,0,8.05,clear sky,0,0
222,Kirakira,SB,2022-08-02 16:41:58,-10.4544,161.9205,78.15,86,72,9.37,broken clouds,0,0
223,Laguna,US,2022-08-02 16:40:55,38.421,-121.4238,90.01,63,0,4.0,clear sky,0,0
224,Ugoofaaru,MV,2022-08-02 16:41:58,5.6667,73.0,80.56,78,82,22.62,broken clouds,0,0
225,Kinablangan,PH,2022-08-02 16:41:59,7.6947,126.5503,78.21,74,99,3.15,overcast clouds,0,0
226,Tura,IN,2022-08-02 16:40:12,25.5198,90.2201,75.45,91,100,2.71,overcast clouds,0,0
227,Ancud,CL,2022-08-02 16:41:59,-41.8697,-73.8203,47.23,77,98,3.74,overcast clouds,0,0
228,Macau,MO,2022-08-02 16:42:00,22.2006,113.5461,85.8,74,20,9.22,few clouds,0,0
229,Mersing,MY,2022-08-02 16:42:00,2.4312,103.8405,75.11,94,40,2.3,light rain,0,0
230,Alanya,TR,2022-08-02 16:42:01,36.5438,31.9998,84.33,73,27,3.47,scattered clouds,0,0
231,Tilichiki,RU,2022-08-02 16:42:01,60.4667,166.1,47.8,90,9,0.83,clear sky,0,0
232,Mzimba,MW,2022-08-02 16:42:01,-11.9,33.6,57.9,77,31,6.02,scattered clouds,0,0
233,Kiruna,SE,2022-08-02 16:42:02,67.8557,20.2251,52.72,94,100,6.91,light rain,0,0
234,Mae Ramat,TH,2022-08-02 16:42:02,16.984,98.5166,78.8,98,100,0.76,overcast clouds,0,0
235,Nikolskoye,RU,2022-08-02 16:40:37,59.7035,30.7861,69.69,81,44,2.75,scattered clouds,0,0
236,Paamiut,GL,2022-08-02 16:42:03,61.994,-49.6678,45.27,86,59,2.91,broken clouds,0,0
237,Santiago De Cao,PE,2022-08-02 16:42:04,-7.9589,-79.2392,60.93,88,100,10.36,fog,0,0
238,Matara,LK,2022-08-02 16:40:04,5.9485,80.5353,77.11,86,99,18.57,overcast clouds,0,0
239,Atar,MR,2022-08-02 16:42:04,20.5169,-13.0499,99.32,27,4,13.06,clear sky,0,0
240,Goderich,CA,2022-08-02 16:42:05,43.7501,-81.7165,70.12,73,98,12.66,overcast clouds,0,0
241,Caravelas,BR,2022-08-02 16:40:44,-17.7125,-39.2481,78.13,61,81,6.85,broken clouds,0,0
242,Oussouye,SN,2022-08-02 16:42:06,12.485,-16.5469,87.98,72,66,11.43,light rain,0,0
243,Sitka,US,2022-08-02 16:42:06,57.0531,-135.33,55.29,88,100,5.75,light rain,0,0
244,Broome,US,2022-08-02 16:42:07,42.2506,-75.833,85.01,60,40,6.91,scattered clouds,0,0
245,Taoudenni,ML,2022-08-02 16:42:08,22.6783,-3.9836,115.14,7,25,8.55,scattered clouds,0,0
246,Taga,RO,2022-08-02 16:42:09,46.95,24.05,81.32,33,18,9.46,few clouds,0,0
247,Tiksi,RU,2022-08-02 16:42:09,71.6872,128.8694,39.96,77,100,6.24,overcast clouds,0,0
248,Liaocheng,CN,2022-08-02 16:38:21,36.4439,115.9647,80.15,79,1,6.42,clear sky,0,0
249,Maragogi,BR,2022-08-02 16:42:10,-9.0122,-35.2225,75.34,90,99,13.2,light rain,0,0
250,Rawson,AR,2022-08-02 16:42:11,-43.3002,-65.1023,48.81,46,0,9.31,clear sky,0,0
251,Fairbanks,US,2022-08-02 16:42:11,64.8378,-147.7164,59.59,94,100,4.61,light rain,0,0
252,Samarai,PG,2022-08-02 16:42:12,-10.6167,150.6667,80.01,84,36,16.53,scattered clouds,0,0
253,Padang,ID,2022-08-02 16:42:12,-0.9492,100.3543,76.66,89,100,3.51,overcast clouds,0,0
254,Praia,CV,2022-08-02 16:42:13,14.9215,-23.5087,84.74,65,40,11.5,scattered clouds,0,0
255,Husavik,IS,2022-08-02 16:32:30,66.0449,-17.3389,45.55,97,100,15.32,overcast clouds,0,0
256,Longyearbyen,SJ,2022-08-02 16:40:18,78.2186,15.6401,55.24,71,75,5.75,broken clouds,0,0
257,Ossora,RU,2022-08-02 16:42:14,59.2353,163.0719,55.04,89,100,2.64,overcast clouds,0,0
258,Taltal,CL,2022-08-02 16:42:15,-25.4,-70.4833,58.48,73,28,5.01,scattered clouds,0,0
259,Rocha,UY,2022-08-02 16:40:23,-34.4833,-54.3333,64.11,74,100,10.94,overcast clouds,0,0
260,Banamba,ML,2022-08-02 16:42:15,13.55,-7.45,86.22,50,83,2.26,broken clouds,0,0
261,Marzuq,YE,2022-08-02 16:42:16,14.4,46.4667,80.22,57,9,10.85,clear sky,0,0
262,Halvad,IN,2022-08-02 16:42:17,23.0167,71.1833,83.8,73,99,14.16,overcast clouds,0,0
263,Victoria Point,AU,2022-08-02 16:42:18,-27.5833,153.3,57.9,94,78,4.61,broken clouds,0,0
264,Kutum,SD,2022-08-02 16:42:18,14.2,24.6667,84.18,39,14,6.38,few clouds,0,0
265,Hambantota,LK,2022-08-02 16:42:20,6.1241,81.1185,78.46,79,100,23.98,overcast clouds,0,0
266,Touros,BR,2022-08-02 16:41:56,-5.1989,-35.4608,82.02,68,75,10.09,broken clouds,0,0
267,Anadyr,RU,2022-08-02 16:42:18,64.75,177.4833,46.9,87,0,2.24,clear sky,0,0
268,Quelimane,MZ,2022-08-02 16:42:22,-17.8786,36.8883,73.35,78,20,10.36,few clouds,0,0
269,Aklavik,CA,2022-08-02 16:42:22,68.2191,-135.0107,46.4,87,100,16.11,overcast clouds,0,0
270,Yellandu,IN,2022-08-02 16:42:22,17.6,80.3333,80.04,83,100,2.1,overcast clouds,0,0
271,Wenatchee,US,2022-08-02 16:42:23,47.4235,-120.3103,83.05,34,0,16.11,clear sky,0,0
272,Karangasem,ID,2022-08-02 16:42:23,-8.45,115.6167,75.99,88,100,4.38,overcast clouds,0,0
273,Port-Cartier,CA,2022-08-02 16:42:24,50.0334,-66.8654,64.62,93,100,11.95,overcast clouds,0,0
274,Yumen,CN,2022-08-02 16:42:24,40.2833,97.2,74.28,48,90,6.55,overcast clouds,0,0
275,Pingliang,CN,2022-08-02 16:42:25,35.5392,106.6861,71.15,78,34,5.53,scattered clouds,0,0
276,Cayenne,GF,2022-08-02 16:42:25,4.9333,-52.3333,87.84,16,40,9.22,scattered clouds,0,0
277,Novoorsk,RU,2022-08-02 16:42:25,51.381,58.9813,66.85,78,71,7.02,light rain,0,0
278,Petropavlovsk-Kamchatskiy,RU,2022-08-02 16:42:26,53.0452,158.6483,52.39,94,40,4.47,scattered clouds,0,0
279,Saint-Ambroise,CA,2022-08-02 16:42:26,48.5501,-71.3324,70.12,73,99,14.97,overcast clouds,0,0
280,Chernyshevskiy,RU,2022-08-02 16:41:44,63.0128,112.4714,58.95,98,82,9.91,light rain,0,0
281,Talaya,RU,2022-08-02 16:42:27,61.3833,152.75,53.29,87,100,8.08,overcast clouds,0,0
282,Craigieburn,AU,2022-08-02 16:42:27,-37.6,144.95,52.79,87,100,32.21,moderate rain,0,0
283,Jackson,US,2022-08-02 16:39:22,42.4165,-122.8345,80.74,72,0,4.61,smoke,0,0
284,Saint George,US,2022-08-02 16:39:49,37.1041,-113.5841,90.43,43,32,3.0,scattered clouds,0,0
285,Yabelo,ET,2022-08-02 16:42:28,4.8833,38.0833,57.27,77,97,1.05,overcast clouds,0,0
286,Mount Gambier,AU,2022-08-02 16:42:28,-37.8333,140.7667,53.51,76,100,21.85,light rain,0,0
287,Lagoa,PT,2022-08-02 16:42:29,39.05,-27.9833,74.59,74,0,13.8,clear sky,0,0
288,Tasiilaq,GL,2022-08-02 16:42:29,65.6145,-37.6368,50.16,63,4,4.9,clear sky,0,0
289,Winnipeg,CA,2022-08-02 16:37:59,49.8844,-97.147,74.08,73,75,11.5,broken clouds,0,0
290,Oktyabrskiy,RU,2022-08-02 16:42:29,54.4815,53.471,62.28,90,21,7.25,few clouds,0,0
291,Raiganj,IN,2022-08-02 16:42:30,25.6167,88.1167,82.45,82,95,3.67,moderate rain,0,0
292,Nanortalik,GL,2022-08-02 16:40:49,60.1432,-45.2371,47.82,79,94,12.91,overcast clouds,0,0
293,Atbasar,KZ,2022-08-02 16:42:31,51.8,68.3333,62.83,72,69,11.32,broken clouds,0,0
294,Reinosa,ES,2022-08-02 16:42:31,42.9996,-4.138,68.47,49,22,8.95,few clouds,0,0
295,Berlevag,NO,2022-08-02 16:41:00,70.8578,29.0864,67.8,82,29,11.5,scattered clouds,0,0
296,Mana,GF,2022-08-02 16:42:32,5.6592,-53.7767,85.93,65,17,8.9,few clouds,0,0
297,Saint-Augustin,CA,2022-08-02 16:40:11,51.226,-58.6502,71.2,75,100,18.54,overcast clouds,0,0
298,Fortuna,US,2022-08-02 16:41:01,40.5982,-124.1573,70.93,75,20,1.99,few clouds,0,0
299,Gbadolite,CD,2022-08-02 16:42:33,4.2833,21.0167,73.8,89,17,1.45,light rain,0,0
300,Noumea,NC,2022-08-02 16:42:33,-22.2763,166.4572,73.0,99,68,4.0,broken clouds,0,0
301,Gamba,GA,2022-08-02 16:42:34,-2.65,10.0,73.96,79,76,8.23,broken clouds,0,0
302,Dingle,PH,2022-08-02 16:42:34,10.9995,122.6711,76.68,87,90,4.07,overcast clouds,0,0
303,Dunedin,NZ,2022-08-02 16:42:34,-45.8742,170.5036,52.81,56,65,11.99,broken clouds,0,0
304,Coahuayana,MX,2022-08-02 16:42:35,18.7333,-103.6833,90.86,57,83,1.83,broken clouds,0,0
305,Nampula,MZ,2022-08-02 16:42:35,-15.1165,39.2666,71.55,73,40,10.36,scattered clouds,0,0
306,Boden,SE,2022-08-02 16:42:35,65.8252,21.6886,62.6,75,47,7.34,scattered clouds,0,0
307,Vardo,NO,2022-08-02 16:42:36,70.3705,31.1107,57.18,94,0,4.61,clear sky,0,0
308,Magdagachi,RU,2022-08-02 16:42:36,53.45,125.8,59.67,96,76,1.68,broken clouds,0,0
309,Hasaki,JP,2022-08-02 16:42:36,35.7333,140.8333,82.29,90,91,7.65,overcast clouds,0,0
310,Talnakh,RU,2022-08-02 16:40:54,69.4865,88.3972,49.21,75,2,8.16,clear sky,0,0
311,Mutsu,JP,2022-08-02 16:42:37,41.2894,141.2169,67.98,95,100,6.35,heavy intensity rain,0,0
312,Richards Bay,ZA,2022-08-02 16:42:37,-28.783,32.0377,65.68,76,0,15.03,clear sky,0,0
313,Kulhudhuffushi,MV,2022-08-02 16:42:38,6.6221,73.07,80.73,77,100,22.73,overcast clouds,0,0
314,Te Anau,NZ,2022-08-02 16:41:49,-45.4167,167.7167,44.78,88,52,8.57,light rain,0,0
315,Mayo,US,2022-08-02 16:42:38,38.8876,-76.5119,90.1,65,20,8.05,few clouds,0,0
316,Kashi,CN,2022-08-02 16:42:39,39.4547,75.9797,83.41,28,40,4.47,moderate rain,0,0
317,Vanimo,PG,2022-08-02 16:42:39,-2.6741,141.3028,78.1,90,84,7.02,broken clouds,0,0
318,Aktau,KZ,2022-08-02 16:42:40,43.65,51.2,86.58,45,0,12.28,clear sky,0,0
319,Oeiras,BR,2022-08-02 16:42:40,-7.0253,-42.1311,96.13,13,16,9.57,few clouds,0,0
320,Lasa,IT,2022-08-02 16:41:19,46.6166,10.7002,79.68,62,81,2.46,broken clouds,0,0
321,Ajdabiya,LY,2022-08-02 16:42:41,30.7554,20.2263,81.97,63,0,22.15,clear sky,0,0
322,Biloxi,US,2022-08-02 16:42:41,30.396,-88.8853,84.72,81,75,5.75,broken clouds,0,0
323,Tuktoyaktuk,CA,2022-08-02 16:42:42,69.4541,-133.0374,53.6,87,75,9.22,broken clouds,0,0
324,Bria,CF,2022-08-02 16:42:42,6.5423,21.9863,71.15,93,50,3.44,light rain,0,0
325,Dezful,IR,2022-08-02 16:42:42,32.3811,48.4058,104.18,23,24,6.76,few clouds,0,0
326,Carutapera,BR,2022-08-02 16:42:43,-1.195,-46.02,82.38,79,15,9.95,few clouds,0,0
327,Kota Belud,MY,2022-08-02 16:42:43,6.351,116.4305,77.2,87,82,4.09,light rain,0,0
328,Beckley,US,2022-08-02 16:38:47,37.7782,-81.1882,83.32,70,75,10.36,broken clouds,0,0
329,Wick,GB,2022-08-02 16:42:43,58.4333,-3.0833,69.85,60,40,19.57,scattered clouds,0,0
330,Palpa,PE,2022-08-02 16:42:44,-14.5336,-75.1856,76.28,39,0,7.7,clear sky,0,0
331,Derbent,RU,2022-08-02 16:42:44,42.0678,48.2899,80.65,62,100,6.89,overcast clouds,0,0
332,Ellensburg,US,2022-08-02 16:39:17,46.9965,-120.5479,79.95,31,0,20.71,clear sky,0,0
333,Lima,PE,2022-08-02 16:39:16,-12.0432,-77.0282,67.89,73,100,9.22,overcast clouds,0,0
334,Simao,CN,2022-08-02 16:42:45,22.7886,100.9748,65.64,98,59,2.21,broken clouds,0,0
335,Moron,AR,2022-08-02 16:42:45,-34.6534,-58.6198,63.01,73,93,6.51,overcast clouds,0,0
336,Presidencia Roque Saenz Pena,AR,2022-08-02 16:42:46,-26.7852,-60.4388,81.77,40,90,6.64,overcast clouds,0,0
337,Meulaboh,ID,2022-08-02 16:42:46,4.1363,96.1285,74.17,89,100,4.27,overcast clouds,0,0
338,Sulecin,PL,2022-08-02 16:42:46,52.4443,15.1168,79.9,33,47,4.32,scattered clouds,0,0
339,Chumikan,RU,2022-08-02 16:42:47,54.7183,135.315,54.0,99,100,4.18,light rain,0,0
340,Oga,IT,2022-08-02 16:42:47,46.4631,10.347,72.28,60,91,1.05,overcast clouds,0,0
341,Ordu,TR,2022-08-02 16:42:47,40.9086,37.6845,68.5,90,88,1.57,overcast clouds,0,0
342,Pedasi,PA,2022-08-02 16:42:48,7.5333,-80.0333,81.07,91,100,6.69,overcast clouds,0,0
343,Halifax,CA,2022-08-02 16:38:06,44.6453,-63.5724,76.89,92,100,12.66,fog,0,0
344,Goundam,ML,2022-08-02 16:42:48,16.4145,-3.6708,93.65,38,47,10.83,scattered clouds,0,0
345,Palmer,US,2022-08-02 16:42:49,42.1584,-72.3287,88.25,65,21,1.99,few clouds,0,0
346,Bartica,GY,2022-08-02 16:42:49,6.4,-58.6167,84.52,86,66,3.6,broken clouds,0,0
347,Kasongo-Lunda,CD,2022-08-02 16:42:49,-6.4667,16.8167,85.53,31,67,4.36,broken clouds,0,0
348,Bambous Virieux,MU,2022-08-02 16:41:07,-20.3428,57.7575,70.05,68,20,6.91,few clouds,0,0
349,Jalu,LY,2022-08-02 16:42:50,29.0331,21.5482,94.48,20,0,12.55,clear sky,0,0
350,Lata,PT,2022-08-02 16:42:50,40.1629,-8.3327,85.24,40,0,7.78,clear sky,0,0
351,Neiafu,TO,2022-08-02 16:42:50,-18.65,-173.9833,75.88,83,75,8.05,broken clouds,0,0
352,Abja-Paluoja,EE,2022-08-02 16:42:51,58.1253,25.3497,66.2,76,64,4.61,broken clouds,0,0
353,Puerto Escondido,MX,2022-08-02 16:38:31,15.85,-97.0667,88.63,74,40,10.36,scattered clouds,0,0
354,Nagua,DO,2022-08-02 16:42:51,19.3832,-69.8474,88.11,89,40,11.5,scattered clouds,0,0
355,Kasempa,ZM,2022-08-02 16:42:52,-13.4584,25.8338,67.51,35,6,5.28,clear sky,0,0
356,Taonan,CN,2022-08-02 16:39:18,45.3333,122.7833,75.99,75,100,6.87,overcast clouds,0,0
357,Sangar,RU,2022-08-02 16:42:52,63.9242,127.4739,60.12,94,100,1.25,overcast clouds,0,0
358,Vancouver,CA,2022-08-02 16:40:43,49.2497,-123.1193,67.39,81,75,9.22,broken clouds,0,0
359,Skelleftea,SE,2022-08-02 16:42:53,64.7507,20.9528,63.0,77,75,6.91,broken clouds,0,0
360,Camacha,PT,2022-08-02 16:42:53,33.0833,-16.3333,71.02,68,75,17.27,broken clouds,0,0
361,Vila Velha,BR,2022-08-02 16:40:52,-20.3297,-40.2925,84.15,72,20,13.8,few clouds,0,0
362,Zhigansk,RU,2022-08-02 16:42:54,66.7697,123.3711,49.01,62,62,16.87,broken clouds,0,0
363,Placido De Castro,BR,2022-08-02 16:42:54,-10.3353,-67.1856,97.41,28,67,3.78,broken clouds,0,0
364,Olafsvik,IS,2022-08-02 16:42:54,64.8945,-23.7142,49.93,67,52,18.81,broken clouds,0,0
365,Nouadhibou,MR,2022-08-02 16:42:55,20.931,-17.0347,78.78,69,75,12.66,broken clouds,0,0
366,Mandalgovi,MN,2022-08-02 16:42:55,45.7625,106.2708,72.99,46,3,5.46,clear sky,0,0
367,Dor Marunt,RO,2022-08-02 16:42:55,44.45,26.9167,85.66,44,73,8.12,broken clouds,0,0
368,Warrnambool,AU,2022-08-02 16:42:56,-38.3833,142.4833,53.31,77,100,29.97,overcast clouds,0,0
369,Villa Carlos Paz,AR,2022-08-02 16:42:56,-31.4241,-64.4978,66.81,10,58,11.01,broken clouds,0,0
370,Esfarayen,IR,2022-08-02 16:42:57,37.0765,57.5101,80.26,29,0,7.0,clear sky,0,0
371,Kalmunai,LK,2022-08-02 16:42:57,7.4167,81.8167,80.22,70,100,6.82,overcast clouds,0,0
372,Along,IN,2022-08-02 16:40:48,28.1667,94.7667,74.86,98,98,1.52,overcast clouds,0,0
373,Bugama,NG,2022-08-02 16:42:57,4.7341,6.8635,78.19,73,92,10.2,overcast clouds,0,0
374,Choix,MX,2022-08-02 16:42:58,26.7092,-108.3219,89.42,54,30,2.84,scattered clouds,0,0
375,Soe,ID,2022-08-02 16:42:58,-9.8607,124.284,60.76,91,86,5.1,overcast clouds,0,0
376,Bunia,CD,2022-08-02 16:43:00,1.5667,30.25,63.75,86,79,4.07,broken clouds,0,0
377,Mendi,PG,2022-08-02 16:43:00,-6.1761,143.6513,52.86,97,98,3.38,overcast clouds,0,0
378,Rancho Palos Verdes,US,2022-08-02 16:43:00,33.7445,-118.387,82.42,80,20,8.05,few clouds,0,0
379,Porto Novo,BJ,2022-08-02 16:43:01,6.4965,2.6036,76.82,68,91,9.4,overcast clouds,0,0
380,Ericeira,PT,2022-08-02 16:43:01,38.9627,-9.4156,86.99,76,20,11.5,few clouds,0,0
381,Seymchan,RU,2022-08-02 16:43:02,62.8833,152.4333,60.19,76,100,7.99,overcast clouds,0,0
382,Awjilah,LY,2022-08-02 16:43:03,29.1081,21.2869,94.5,22,0,11.7,clear sky,0,0
383,Willmar,US,2022-08-02 16:43:03,45.1219,-95.0433,84.22,65,0,9.22,clear sky,0,0
384,Wangqing,CN,2022-08-02 16:43:04,43.3218,129.7634,70.61,97,25,0.85,scattered clouds,0,0
385,Ostrovnoy,RU,2022-08-02 16:43:05,68.0531,39.5131,62.62,76,21,13.2,few clouds,0,0
386,Havelock,US,2022-08-02 16:40:23,34.8791,-76.9013,91.35,69,0,10.36,clear sky,0,0
387,Ternate,ID,2022-08-02 16:43:06,0.8,127.4,79.29,81,84,2.37,broken clouds,0,0
388,Lodwar,KE,2022-08-02 16:43:07,3.1191,35.5973,74.19,67,100,3.2,overcast clouds,0,0
389,Zaqatala,AZ,2022-08-02 16:43:07,41.6336,46.6433,84.67,58,40,6.91,scattered clouds,0,0
390,Kakching,IN,2022-08-02 16:43:08,24.4833,93.9833,72.32,97,100,1.9,heavy intensity rain,0,0
391,West Bay,KY,2022-08-02 16:43:08,19.3667,-81.4167,89.67,74,40,12.66,scattered clouds,0,0
392,Ust-Omchug,RU,2022-08-02 16:43:09,61.15,149.6333,54.5,90,94,5.44,overcast clouds,0,0
393,La Asuncion,VE,2022-08-02 16:43:10,11.0333,-63.8628,85.73,74,63,16.11,broken clouds,0,0
394,Vila,PT,2022-08-02 16:43:11,42.0304,-8.1588,86.7,42,1,9.28,clear sky,0,0
395,Andra,RU,2022-08-02 16:43:11,62.5147,65.8878,60.71,61,13,1.54,few clouds,0,0
396,Sabang,ID,2022-08-02 16:43:12,5.8933,95.3214,79.86,80,100,28.34,light rain,0,0
397,Thunder Bay,CA,2022-08-02 16:41:58,48.4001,-89.3168,71.51,60,20,6.91,few clouds,0,0
398,Krasnyy Chikoy,RU,2022-08-02 16:43:12,50.3643,108.7512,61.86,95,62,1.66,broken clouds,0,0
399,Bud,US,2022-08-02 16:39:00,39.447,-86.1758,82.38,72,1,1.57,clear sky,0,0
400,Urumqi,CN,2022-08-02 16:43:13,43.801,87.6005,81.55,30,0,6.71,clear sky,0,0
401,Alugan,PH,2022-08-02 16:43:16,12.2188,125.4808,81.39,78,86,5.46,overcast clouds,0,0
402,Almaznyy,RU,2022-08-02 16:41:34,48.0448,40.045,71.53,70,94,13.56,overcast clouds,0,0
403,Montevideo,UY,2022-08-02 16:42:41,-34.8335,-56.1674,60.82,77,75,11.5,broken clouds,0,0
404,Brainerd,US,2022-08-02 16:42:39,46.358,-94.2008,80.85,57,0,12.66,clear sky,0,0
405,Khuzdar,PK,2022-08-02 16:43:17,27.7384,66.6434,87.13,47,78,6.82,heavy intensity rain,0,0
406,Sola,VU,2022-08-02 16:43:18,-13.8833,167.55,80.89,78,72,16.17,broken clouds,0,0
407,Valley City,US,2022-08-02 16:43:19,46.9233,-98.0032,75.72,83,100,5.75,overcast clouds,0,0
408,Namatanai,PG,2022-08-02 16:43:19,-3.6667,152.4333,78.35,79,90,8.23,overcast clouds,0,0
409,Marquette,US,2022-08-02 16:43:19,46.5333,-87.6335,74.82,53,15,10.63,few clouds,0,0
410,Jiuquan,CN,2022-08-02 16:43:21,39.7432,98.5174,71.1,58,19,2.95,few clouds,0,0
411,Huanren,CN,2022-08-02 16:43:22,41.2647,125.3667,73.78,99,7,2.24,clear sky,0,0
412,Fort Nelson,CA,2022-08-02 16:43:23,58.8053,-122.7002,56.79,94,75,3.44,broken clouds,0,0
413,Lourinha,PT,2022-08-02 16:43:23,39.2333,-9.3167,85.64,84,27,8.01,scattered clouds,0,0
414,Rio Bravo,MX,2022-08-02 16:43:23,25.9833,-98.1,93.07,51,40,11.5,scattered clouds,0,0
415,Chake Chake,TZ,2022-08-02 16:43:24,-5.2459,39.7666,72.3,82,0,7.83,clear sky,0,0
416,Oros,BR,2022-08-02 16:43:24,-6.2444,-38.9136,87.28,42,59,10.89,broken clouds,0,0
417,Cotonou,BJ,2022-08-02 16:39:09,6.3654,2.4183,76.98,83,40,9.22,scattered clouds,0,0
418,Port Shepstone,ZA,2022-08-02 16:43:25,-30.7414,30.455,66.04,83,25,14.2,scattered clouds,0,0
419,Kenda,IN,2022-08-02 16:43:25,23.2,86.5333,86.41,66,100,3.27,overcast clouds,0,0
420,Logan,US,2022-08-02 16:40:49,41.7355,-111.8344,73.13,94,100,3.44,overcast clouds,0,0
421,Luganville,VU,2022-08-02 16:43:25,-15.5333,167.1667,77.22,86,2,3.98,clear sky,0,0
422,Seoul,KR,2022-08-02 16:39:17,37.5683,126.9778,79.99,94,100,6.91,heavy intensity rain,0,0
423,Ahipara,NZ,2022-08-02 16:43:26,-35.1667,173.1667,53.85,89,100,5.75,overcast clouds,0,0
424,Ust-Ilimsk,RU,2022-08-02 16:43:27,58.0006,102.6619,57.83,98,100,6.11,overcast clouds,0,0
425,Pisco,PE,2022-08-02 16:43:27,-13.7,-76.2167,62.65,77,100,6.91,overcast clouds,0,0
426,Katsuura,JP,2022-08-02 16:43:27,35.1333,140.3,80.2,93,100,8.32,overcast clouds,0,0
427,Terrace Bay,CA,2022-08-02 16:43:28,48.7834,-87.1,51.08,85,94,6.38,overcast clouds,0,0
428,Alappuzha,IN,2022-08-02 16:43:28,9.49,76.3264,77.0,88,100,20.6,overcast clouds,0,0
429,Lorengau,PG,2022-08-02 16:43:28,-2.0226,147.2712,81.7,78,100,10.27,overcast clouds,0,0
430,Denpasar,ID,2022-08-02 16:42:04,-8.65,115.2167,78.46,94,40,2.3,scattered clouds,0,0
431,Wenling,CN,2022-08-02 16:43:29,28.3669,121.36,79.88,84,7,3.24,clear sky,0,0
432,Evensk,RU,2022-08-02 16:43:29,61.95,159.2333,51.87,97,100,4.99,light rain,0,0
433,Kon Tum,VN,2022-08-02 16:40:15,14.35,108.0,71.22,96,73,0.85,broken clouds,0,0
434,Labuhan,ID,2022-08-02 16:43:30,-6.8844,112.2051,77.92,85,96,8.48,overcast clouds,0,0
435,Borogontsy,RU,2022-08-02 16:43:30,62.6683,131.1683,62.49,99,100,1.14,overcast clouds,0,0
436,Landeck,AT,2022-08-02 16:43:31,47.1301,10.5636,77.74,56,71,5.5,broken clouds,0,0
437,Girvan,GB,2022-08-02 16:43:31,55.2426,-4.8555,66.2,75,12,16.64,few clouds,0,0
438,Dalby,AU,2022-08-02 16:43:31,-27.1833,151.2667,50.99,92,53,4.99,broken clouds,0,0
439,Nantucket,US,2022-08-02 16:43:32,41.2835,-70.0995,82.54,80,0,14.97,clear sky,0,0
440,La Ronge,CA,2022-08-02 16:43:32,55.1001,-105.2842,59.22,94,100,14.97,mist,0,0
441,High Level,CA,2022-08-02 16:40:07,58.5169,-117.136,57.31,88,75,2.3,broken clouds,0,0
442,Sungairaya,ID,2022-08-02 16:43:33,0.7,108.9,77.13,84,100,0.45,overcast clouds,0,0
443,Severnyy,RU,2022-08-02 16:43:33,50.677,36.5532,73.44,73,0,6.71,clear sky,0,0
444,Sorland,NO,2022-08-02 16:43:34,67.667,12.6934,55.26,74,34,7.11,scattered clouds,0,0
445,Jos,NG,2022-08-02 16:43:34,9.9167,8.9,65.07,91,100,7.94,overcast clouds,0,0
446,Nepa Nagar,IN,2022-08-02 16:38:50,21.4667,76.4,80.44,82,100,3.47,overcast clouds,0,0
447,Arzgir,RU,2022-08-02 16:43:35,45.3728,44.2206,87.58,27,28,15.12,scattered clouds,0,0
448,Naze,JP,2022-08-02 16:43:35,28.3667,129.4833,79.72,87,14,10.31,few clouds,0,0
449,Saint-Pierre,RE,2022-08-02 16:42:28,-21.3393,55.4781,69.48,81,75,8.05,broken clouds,0,0
450,Bodden Town,KY,2022-08-02 16:43:36,19.2833,-81.25,89.6,75,40,12.66,scattered clouds,0,0
451,Bell Ville,AR,2022-08-02 16:43:36,-32.6259,-62.6887,70.23,40,2,5.91,clear sky,0,0
452,Pokaran,IN,2022-08-02 16:43:37,26.9167,71.9167,91.53,53,88,14.09,overcast clouds,0,0
453,Cabedelo,BR,2022-08-02 16:43:37,-6.9811,-34.8339,79.47,79,31,9.91,scattered clouds,0,0
454,Biltine,TD,2022-08-02 16:43:37,14.5333,20.9167,84.65,54,75,8.9,light rain,0,0
455,Karratha,AU,2022-08-02 16:40:59,-20.7377,116.8463,68.77,64,13,15.32,few clouds,0,0
456,Tawau,MY,2022-08-02 16:43:38,4.2498,117.8871,77.13,94,83,3.27,broken clouds,0,0
457,Broken Hill,AU,2022-08-02 16:43:38,-31.95,141.4333,58.71,64,13,31.76,few clouds,0,0
458,Teya,RU,2022-08-02 16:43:39,60.3778,92.6267,49.57,95,100,1.63,overcast clouds,0,0
459,Nytva,RU,2022-08-02 16:43:39,57.9404,55.334,66.09,71,16,3.38,few clouds,0,0
460,Vytegra,RU,2022-08-02 16:43:40,61.0064,36.4481,63.46,92,100,7.05,moderate rain,0,0
461,Beyneu,KZ,2022-08-02 16:43:40,45.3167,55.2,88.16,21,12,9.13,few clouds,0,0
462,Kayerkan,RU,2022-08-02 16:43:40,69.3497,87.7602,48.52,75,5,10.69,clear sky,0,0
463,Ismailia,EG,2022-08-02 16:43:41,30.6043,32.2723,91.47,43,0,11.5,clear sky,0,0
464,Inirida,CO,2022-08-02 16:43:41,3.8653,-67.9239,73.42,98,100,1.45,overcast clouds,0,0
465,Harboore,DK,2022-08-02 16:43:41,56.6175,8.1807,62.19,97,100,23.31,overcast clouds,0,0
466,Champerico,GT,2022-08-02 16:43:42,14.3,-91.9167,88.34,69,15,4.38,few clouds,0,0
467,Kununurra,AU,2022-08-02 16:42:16,-15.7667,128.7333,62.58,82,87,0.0,overcast clouds,0,0
468,Alto Longa,BR,2022-08-02 16:43:42,-5.2511,-42.2103,96.98,19,96,5.44,overcast clouds,0,0
469,Dongsheng,CN,2022-08-02 16:43:43,39.8161,109.9776,76.82,48,62,14.99,broken clouds,0,0
470,Rorvik,NO,2022-08-02 16:43:43,64.8621,11.2373,64.38,51,0,10.36,clear sky,0,0
471,Micheweni,TZ,2022-08-02 16:43:44,-4.9667,39.8333,74.07,80,0,10.25,clear sky,0,0
472,Montepuez,MZ,2022-08-02 16:43:44,-13.1256,38.9997,71.53,56,89,4.09,overcast clouds,0,0
473,Jedrzejow,PL,2022-08-02 16:43:45,50.6394,20.3045,75.15,64,40,3.0,scattered clouds,0,0
474,Camocim,BR,2022-08-02 16:39:20,-2.9022,-40.8411,89.6,48,34,13.73,scattered clouds,0,0
475,Moose Jaw,CA,2022-08-02 16:41:44,50.4001,-105.5344,73.67,60,20,25.32,smoke,0,0
476,Punta Alta,AR,2022-08-02 16:43:45,-38.8759,-62.0736,48.97,93,100,5.75,moderate rain,0,0
477,Syamzha,RU,2022-08-02 16:43:46,60.0158,41.0614,64.47,78,98,5.48,overcast clouds,0,0
478,Progreso,MX,2022-08-02 16:43:46,21.2833,-89.6667,87.12,63,43,10.16,scattered clouds,0,0
479,Buluang,PH,2022-08-02 16:43:47,13.3068,123.3425,76.68,92,94,2.98,overcast clouds,0,0
480,Rio Gallegos,AR,2022-08-02 16:41:32,-51.6226,-69.2181,39.25,75,0,5.75,clear sky,0,0
481,Te Karaka,NZ,2022-08-02 16:43:47,-38.4654,177.8679,51.87,80,100,5.01,overcast clouds,0,0
482,Coihaique,CL,2022-08-02 16:43:47,-45.5752,-72.0662,43.41,65,75,5.75,broken clouds,0,0
483,Los Llanos De Aridane,ES,2022-08-02 16:43:48,28.6585,-17.9182,78.12,76,0,20.71,clear sky,0,0
484,Nyurba,RU,2022-08-02 16:43:48,63.2842,118.3319,61.47,68,96,4.81,overcast clouds,0,0
485,Buraydah,SA,2022-08-02 16:41:00,26.326,43.975,104.45,33,88,18.54,overcast clouds,0,0
486,Baykit,RU,2022-08-02 16:43:49,61.67,96.37,54.7,82,100,2.28,overcast clouds,0,0
487,Ayr,GB,2022-08-02 16:43:49,55.4627,-4.6339,68.31,77,75,11.5,broken clouds,0,0
488,Katobu,ID,2022-08-02 16:43:49,-4.9408,122.5276,73.58,92,73,4.36,broken clouds,0,0
489,Gizo,SB,2022-08-02 16:43:50,-8.103,156.8419,81.43,76,79,6.58,broken clouds,0,0
490,Anshun,CN,2022-08-02 16:43:50,26.25,105.9333,65.07,90,1,3.69,clear sky,0,0
491,Aksu,CN,2022-08-02 16:43:51,41.1231,80.2644,80.62,37,31,3.96,scattered clouds,0,0
492,Yomou,GN,2022-08-02 16:43:51,7.5603,-9.2653,72.82,85,100,3.42,overcast clouds,0,0
493,Northam,GB,2022-08-02 16:41:16,51.0333,-4.2167,72.39,89,60,18.84,broken clouds,0,0
494,Caucaia,BR,2022-08-02 16:43:51,-3.7361,-38.6531,85.95,69,40,10.36,scattered clouds,0,0
495,Uribia,CO,2022-08-02 16:43:52,11.7139,-72.266,91.67,45,100,26.19,overcast clouds,0,0
496,Puerto Carreno,CO,2022-08-02 16:43:52,6.189,-67.4859,82.38,78,40,3.44,scattered clouds,0,0
497,San-Pedro,CI,2022-08-02 16:43:53,4.7485,-6.6363,76.26,70,61,8.68,broken clouds,0,0
498,Santa Rosa,PH,2022-08-02 16:40:05,14.3122,121.1114,82.38,89,100,3.56,overcast clouds,0,0
499,Vares,BA,2022-08-02 16:43:53,44.1644,18.3283,73.24,52,99,1.19,overcast clouds,0,0
500,Honiara,SB,2022-08-02 16:43:54,-9.4333,159.95,76.86,84,72,6.33,broken clouds,0,0
501,Lodja,CD,2022-08-02 16:43:54,-3.4833,23.4333,83.07,45,87,1.92,overcast clouds,0,0
502,Gigmoto,PH,2022-08-02 16:43:54,13.7796,124.39,80.8,84,96,5.88,overcast clouds,0,0
503,Killybegs,IE,2022-08-02 16:43:55,54.6333,-8.45,64.11,80,99,20.49,overcast clouds,0,0
504,Lazarev,RU,2022-08-02 16:43:55,52.225,141.5131,58.42,92,100,16.35,overcast clouds,0,0
505,Starkville,US,2022-08-02 16:42:07,33.4504,-88.8184,88.79,73,68,7.96,broken clouds,0,0
506,Port Blair,IN,2022-08-02 16:43:56,11.6667,92.75,78.84,89,100,2.3,drizzle,0,0
507,Ovsyanka,RU,2022-08-02 16:43:56,55.9575,92.5519,56.37,72,89,1.95,overcast clouds,0,0
508,Muli,MV,2022-08-02 16:43:56,2.9167,73.5667,81.64,75,75,18.59,broken clouds,0,0
509,Boulder City,US,2022-08-02 16:43:57,35.9786,-114.8325,92.93,40,16,0.0,few clouds,0,0
510,Morondava,MG,2022-08-02 16:43:57,-20.2833,44.2833,74.16,79,0,11.65,clear sky,0,0
511,Kushima,JP,2022-08-02 16:39:22,31.4583,131.2333,79.25,96,28,2.95,scattered clouds,0,0
512,Libreville,GA,2022-08-02 16:43:58,0.3925,9.4537,77.13,73,76,10.13,broken clouds,0,0
513,Kimbe,PG,2022-08-02 16:43:58,-5.5502,150.1429,75.04,92,55,4.65,broken clouds,0,0
514,Muravlenko,RU,2022-08-02 16:43:58,63.7898,74.523,59.56,56,57,7.81,broken clouds,0,0
515,Son Tay,VN,2022-08-02 16:43:59,21.1378,105.505,84.13,91,97,2.48,overcast clouds,0,0
516,Zabaykalsk,RU,2022-08-02 16:43:59,49.6333,117.3167,69.33,69,6,4.21,clear sky,0,0
517,Necochea,AR,2022-08-02 16:43:59,-38.5473,-58.7368,60.04,56,100,8.23,overcast clouds,0,0
518,Ipora,BR,2022-08-02 16:44:00,-16.4419,-51.1178,91.89,14,1,7.45,clear sky,0,0
519,Leh,IN,2022-08-02 16:42:27,34.1667,77.5833,66.0,32,2,6.76,clear sky,0,0
520,Hun,LY,2022-08-02 16:44:00,29.1268,15.9477,95.59,22,0,13.18,clear sky,0,0
521,Jasper,US,2022-08-02 16:44:01,37.2001,-94.3502,95.0,48,20,16.11,few clouds,0,0
522,Constanza,DE,2022-08-02 16:44:01,47.6603,9.1758,85.57,44,55,5.01,broken clouds,0,0
523,Klaksvik,FO,2022-08-02 16:44:01,62.2266,-6.589,54.52,90,100,13.76,overcast clouds,0,0
524,Abu Samrah,SY,2022-08-02 16:44:02,35.3029,37.1841,89.74,28,0,13.38,clear sky,0,0
525,North Myrtle Beach,US,2022-08-02 16:43:37,33.816,-78.68,94.33,65,0,8.05,clear sky,0,0
526,Truckee,US,2022-08-02 16:44:02,39.328,-120.1833,78.35,58,4,1.99,clear sky,0,0
527,Grand-Santi,GF,2022-08-02 16:44:03,4.25,-54.3833,88.79,54,41,2.51,scattered clouds,0,0
528,Axim,GH,2022-08-02 16:44:03,4.8699,-2.2405,76.35,66,64,8.59,broken clouds,0,0
529,Pong,TH,2022-08-02 16:44:05,19.1493,100.2752,74.01,98,99,2.68,overcast clouds,0,0
530,Tofield,CA,2022-08-02 16:39:27,53.3668,-112.6686,63.72,92,100,15.95,overcast clouds,0,0
531,Shasta Lake,US,2022-08-02 16:44:06,40.6804,-122.3708,88.81,46,15,1.3,few clouds,0,0
532,Ihosy,MG,2022-08-02 16:44:06,-22.4,46.1167,58.39,90,27,11.9,scattered clouds,0,0
533,Clearwater,US,2022-08-02 16:44:07,27.9659,-82.8001,93.11,73,0,5.75,clear sky,0,0
534,Hirara,JP,2022-08-02 16:44:07,24.8,125.2833,84.13,75,51,15.37,broken clouds,0,0
535,Santa Cruz,BO,2022-08-02 16:44:03,-17.8,-63.1667,86.05,58,75,23.02,broken clouds,0,0
536,Tukrah,LY,2022-08-02 16:44:08,32.5341,20.5791,81.36,65,0,13.42,clear sky,0,0
537,Shache,CN,2022-08-02 16:44:09,38.4167,77.2406,86.72,25,100,5.1,overcast clouds,0,0
538,Mitsamiouli,KM,2022-08-02 16:44:09,-11.3847,43.2844,79.09,69,75,8.05,broken clouds,0,0
539,Igrim,RU,2022-08-02 16:44:09,63.1906,64.4162,61.3,61,9,3.24,clear sky,0,0
540,Kingseat,GB,2022-08-02 16:44:10,56.0974,-3.4084,72.18,71,20,13.8,few clouds,0,0
541,Soto La Marina,MX,2022-08-02 16:44:10,23.7667,-98.2167,96.22,36,86,12.91,overcast clouds,0,0
542,Allapalli,IN,2022-08-02 16:44:11,19.4167,80.0667,79.52,89,99,1.14,overcast clouds,0,0
543,Campobello Di Mazara,IT,2022-08-02 16:44:11,37.6358,12.7443,90.81,39,0,15.01,clear sky,0,0
544,Punta De Bombon,PE,2022-08-02 16:44:12,-17.1717,-71.7931,62.17,70,39,6.38,scattered clouds,0,0
545,Miyako,JP,2022-08-02 16:44:12,39.6367,141.9525,70.81,98,100,2.17,light rain,0,0
546,Shalinskoye,RU,2022-08-02 16:44:12,55.7228,93.7594,53.31,78,99,4.27,overcast clouds,0,0
547,Krasnyy Profintern,RU,2022-08-02 16:44:13,57.7446,40.435,73.42,56,99,5.95,overcast clouds,0,0
548,Visnes,NO,2022-08-02 16:44:14,59.3556,5.2242,62.65,88,100,16.11,overcast clouds,0,0
549,Betare Oya,CM,2022-08-02 16:44:14,5.6,14.0833,72.12,88,98,1.57,light rain,0,0
550,Kiama,AU,2022-08-02 16:44:15,-34.6833,150.8667,57.58,71,100,5.01,overcast clouds,0,0
551,Juneau,US,2022-08-02 16:44:15,58.3019,-134.4197,56.21,99,100,11.5,overcast clouds,0,0
552,Harper,LR,2022-08-02 16:44:16,4.375,-7.7169,76.66,68,74,9.13,broken clouds,0,0
553,El Carmen,CO,2022-08-02 16:44:16,8.5106,-73.4478,82.72,55,87,2.15,overcast clouds,0,0
554,Kautokeino,NO,2022-08-02 16:44:16,69.0125,23.0412,55.94,85,100,5.57,overcast clouds,0,0
555,Kyabram,AU,2022-08-02 16:44:17,-36.3167,145.05,51.87,83,100,17.69,light rain,0,0
556,Kahului,US,2022-08-02 16:40:10,20.8947,-156.47,76.84,75,0,12.66,clear sky,0,0
557,Santa Maria,BR,2022-08-02 16:41:03,-29.6842,-53.8069,58.3,88,100,8.05,light rain,0,0
558,San Carlos De Bariloche,AR,2022-08-02 16:44:18,-41.1456,-71.3082,38.95,56,0,0.0,clear sky,0,0
559,Voznesenye,RU,2022-08-02 16:44:18,61.0106,35.4781,64.08,91,100,9.57,overcast clouds,0,0
560,Wuning,CN,2022-08-02 16:44:19,29.2589,120.2311,78.4,87,67,3.33,broken clouds,0,0
561,Micomeseng,GQ,2022-08-02 16:44:19,2.1462,10.6164,72.84,74,47,5.97,scattered clouds,0,0
562,Bad Neuenahr-Ahrweiler,DE,2022-08-02 16:44:20,50.55,7.1,86.49,41,97,4.03,overcast clouds,0,0
563,Umm Lajj,SA,2022-08-02 16:44:20,25.0213,37.2685,87.6,57,99,1.3,overcast clouds,0,0
564,Lisakovsk,KZ,2022-08-02 16:44:21,52.5369,62.4936,65.07,83,97,12.28,overcast clouds,0,0
565,Eyl,SO,2022-08-02 16:44:21,7.9803,49.8164,77.05,72,27,26.53,scattered clouds,0,0
566,San Andres,CO,2022-08-02 16:44:22,12.5847,-81.7006,82.42,83,100,17.27,overcast clouds,0,0
567,Riyadh,SA,2022-08-02 16:44:08,24.6877,46.7219,102.34,31,20,8.99,few clouds,0,0
568,Pirai,BR,2022-08-02 16:44:22,-22.6292,-43.8981,72.48,37,4,5.93,clear sky,0,0
569,Inverbervie,GB,2022-08-02 16:44:23,56.8446,-2.28,75.63,66,42,16.06,scattered clouds,0,0
570,Port Lincoln,AU,2022-08-02 16:44:23,-34.7333,135.8667,56.52,70,2,25.5,clear sky,0,0
571,Hongjiang,CN,2022-08-02 16:44:24,27.11,109.9956,79.23,66,25,3.29,scattered clouds,0,0
572,Sarangani,PH,2022-08-02 16:44:24,5.4033,125.4636,82.78,74,95,14.23,overcast clouds,0,0
573,Kaeo,NZ,2022-08-02 16:44:24,-35.1,173.7833,49.32,94,100,3.89,overcast clouds,0,0
574,Hamilton,US,2022-08-02 16:40:39,39.1834,-84.5333,84.88,72,0,11.5,clear sky,0,0
575,Nur,PL,2022-08-02 16:44:25,52.6683,22.3221,71.6,66,5,5.86,clear sky,0,0
576,Anori,BR,2022-08-02 16:44:25,-3.7728,-61.6442,93.6,43,100,4.59,overcast clouds,0,0
577,Hurghada,EG,2022-08-02 16:44:26,27.2574,33.8129,96.84,16,0,10.36,clear sky,0,0
578,Xocali,AZ,2022-08-02 16:44:26,39.913,46.7903,78.31,60,5,4.29,clear sky,0,0
579,Ibipeba,BR,2022-08-02 16:44:26,-11.6408,-42.0111,84.13,29,19,9.73,few clouds,0,0
580,Fukue,JP,2022-08-02 16:44:27,32.6881,128.8419,81.37,91,67,11.5,broken clouds,0,0
581,Itoman,JP,2022-08-02 16:44:27,26.1247,127.6694,82.78,89,0,4.61,clear sky,0,0
582,Salinopolis,BR,2022-08-02 16:39:42,-0.6136,-47.3561,83.07,74,9,13.4,clear sky,0,0
583,Emmett,US,2022-08-02 16:44:27,43.8735,-116.4993,81.23,25,100,6.76,overcast clouds,0,0
584,Nortelandia,BR,2022-08-02 16:44:28,-14.4547,-56.8028,99.55,13,42,5.12,scattered clouds,0,0
585,Hovd,MN,2022-08-02 16:44:28,48.0056,91.6419,68.36,35,29,9.69,scattered clouds,0,0
586,Erzin,TR,2022-08-02 16:44:29,36.9559,36.2,78.39,86,9,5.44,clear sky,0,0
587,Poso,ID,2022-08-02 16:44:29,-1.3959,120.7524,75.31,89,91,4.85,overcast clouds,0,0
588,Vila Franca Do Campo,PT,2022-08-02 16:41:55,37.7167,-25.4333,73.81,66,36,3.24,scattered clouds,0,0
589,Flinders,AU,2022-08-02 16:42:05,-34.5833,150.8552,57.38,70,100,5.99,overcast clouds,0,0
590,Ayer Tawar,MY,2022-08-02 16:44:30,4.2954,100.7548,80.55,88,20,2.3,few clouds,0,0
591,Tecoanapa,MX,2022-08-02 16:41:50,16.5167,-98.75,87.31,61,15,5.35,few clouds,0,0
592,Luderitz,NA,2022-08-02 16:44:30,-26.6481,15.1594,55.74,75,0,3.98,clear sky,0,0
593,Kieta,PG,2022-08-02 16:44:30,-6.2167,155.6333,77.97,86,53,6.24,light rain,0,0
594,Batagay-Alyta,RU,2022-08-02 16:44:31,67.8006,130.4114,48.11,85,100,5.14,overcast clouds,0,0
595,Yingcheng,CN,2022-08-02 16:41:17,30.95,113.55,82.76,73,0,4.38,clear sky,0,0
596,Adwa,ET,2022-08-02 16:44:31,14.1646,38.8955,60.6,90,100,4.25,light rain,0,0
597,Beroroha,MG,2022-08-02 16:44:32,-21.6667,45.1667,72.57,53,44,10.27,scattered clouds,0,0
598,Agudos,BR,2022-08-02 16:44:32,-22.4692,-48.9875,85.14,25,0,6.91,clear sky,0,0
599,Morgan City,US,2022-08-02 16:44:33,29.6994,-91.2068,88.41,62,78,4.85,moderate rain,0,0
600,Alice Springs,AU,2022-08-02 16:40:30,-23.7,133.8833,72.95,20,95,5.75,overcast clouds,0,0
601,Bereda,ES,2022-08-02 16:44:33,43.2686,-7.5406,77.68,58,3,7.99,clear sky,0,0
602,Diamantino,BR,2022-08-02 16:44:34,-14.4086,-56.4461,98.67,13,38,4.21,scattered clouds,0,0
603,Abu Kamal,SY,2022-08-02 16:44:34,34.4506,40.9171,101.37,15,2,9.82,clear sky,0,0
604,Abu Zabad,SD,2022-08-02 16:44:34,12.35,29.25,74.98,77,85,7.56,light rain,0,0
605,Boffa,GN,2022-08-02 16:44:35,10.1667,-14.0333,77.5,79,73,8.01,light rain,0,0
606,Skegness,GB,2022-08-02 16:44:35,53.1436,0.3363,83.34,57,85,18.59,overcast clouds,0,0
607,Jinxiang,CN,2022-08-02 16:44:36,27.4327,120.6062,79.92,84,43,1.97,scattered clouds,0,0
608,Mehamn,NO,2022-08-02 16:44:36,71.0357,27.8492,62.55,72,0,2.3,clear sky,0,0
609,Aleksandrov Gay,RU,2022-08-02 16:44:36,50.147,48.5704,82.53,31,12,11.45,few clouds,0,0
610,Beringovskiy,RU,2022-08-02 16:44:37,63.05,179.3167,53.89,67,76,6.87,broken clouds,0,0
611,Belfast,GB,2022-08-02 16:44:38,54.5833,-5.9333,71.42,60,75,19.57,broken clouds,0,0
612,Hailey,US,2022-08-02 16:44:38,43.5196,-114.3153,77.88,56,40,5.75,scattered clouds,0,0
613,Karlstad,SE,2022-08-02 16:44:38,59.3793,13.5036,59.56,82,75,3.44,drizzle,0,0
614,Kodinsk,RU,2022-08-02 16:44:39,58.6881,99.1844,53.02,88,100,6.2,overcast clouds,0,0
615,Svetlogorsk,BY,2022-08-02 16:44:39,52.6333,29.7333,67.33,77,100,4.54,overcast clouds,0,0
616,Abonnema,NG,2022-08-02 16:44:39,4.7084,6.7931,78.22,72,93,9.35,overcast clouds,0,0
617,Lindi,TZ,2022-08-02 16:44:40,-10.0,39.7167,73.76,69,23,7.11,few clouds,0,0
618,Valeggio Sul Mincio,IT,2022-08-02 16:44:40,45.3523,10.7367,90.19,46,0,3.44,clear sky,0,0
619,Bezhetsk,RU,2022-08-02 16:44:41,57.7851,36.6965,68.0,65,88,4.79,overcast clouds,0,0
620,Tyler,US,2022-08-02 16:43:49,32.3513,-95.3011,94.69,49,0,10.36,clear sky,0,0
621,Kawalu,ID,2022-08-02 16:43:55,-7.3817,108.2082,72.25,92,98,1.23,overcast clouds,0,0
622,Sijunjung,ID,2022-08-02 16:44:41,-0.6876,100.9537,72.25,98,100,2.08,overcast clouds,0,0
623,Mormugao,IN,2022-08-02 16:44:42,15.4,73.8,79.86,83,75,8.05,moderate rain,0,0
624,Mandiana,GN,2022-08-02 16:44:42,10.6333,-8.6833,80.29,75,57,5.99,light rain,0,0
625,Chipiona,ES,2022-08-02 16:44:43,36.7366,-6.437,98.78,74,0,12.66,clear sky,0,0
626,Sao Miguel Do Araguaia,BR,2022-08-02 16:44:43,-13.275,-50.1628,96.04,16,26,8.68,scattered clouds,0,0
627,Iringa,TZ,2022-08-02 16:44:43,-7.7667,35.7,58.28,64,16,12.37,few clouds,0,0
628,Deer Lake,CA,2022-08-02 16:44:44,49.1667,-57.4316,80.46,54,75,10.36,broken clouds,0,0
629,Ambon,ID,2022-08-02 16:44:44,-3.6954,128.1814,75.34,94,75,6.91,broken clouds,0,0
630,Trinidad,BO,2022-08-02 16:44:42,-14.8333,-64.9,89.58,55,75,11.5,smoke,0,0
631,Slupca,PL,2022-08-02 16:43:22,52.2873,17.8719,81.01,45,75,3.83,broken clouds,0,0
632,Esil,KZ,2022-08-02 16:44:45,51.9556,66.4042,65.7,77,40,9.64,scattered clouds,0,0
633,Kandi,BJ,2022-08-02 16:44:45,11.1342,2.9386,79.95,76,100,5.01,overcast clouds,0,0
634,San Luis,AR,2022-08-02 16:42:53,-33.295,-66.3356,64.22,35,19,7.9,few clouds,0,0
635,Penzance,GB,2022-08-02 16:44:46,50.1186,-5.5371,71.76,83,75,17.27,broken clouds,0,0
636,Surgut,RU,2022-08-02 16:44:46,61.25,73.4167,60.98,67,0,7.0,clear sky,0,0
637,Dergachi,RU,2022-08-02 16:44:46,51.2328,48.7659,73.87,46,9,9.55,clear sky,0,0
638,Puerto Baquerizo Moreno,EC,2022-08-02 16:44:47,-0.9,-89.6,72.59,73,75,12.66,broken clouds,0,0
639,San Policarpo,PH,2022-08-02 16:44:47,12.1791,125.5072,82.02,76,86,5.99,overcast clouds,0,0
640,Tupiza,BO,2022-08-02 16:44:47,-21.45,-65.7167,71.01,3,0,16.37,clear sky,0,0
641,Najran,SA,2022-08-02 16:44:48,17.4924,44.1277,81.25,73,98,16.89,overcast clouds,0,0
642,Semey,KZ,2022-08-02 16:44:48,50.4111,80.2275,71.02,59,84,8.61,broken clouds,0,0
643,Lashio,MM,2022-08-02 16:44:32,22.9333,97.75,70.07,99,92,1.25,overcast clouds,0,0
644,Khadzhalmakhi,RU,2022-08-02 16:44:49,42.42,47.1821,67.41,82,100,3.87,light rain,0,0
645,Baijiantan,CN,2022-08-02 16:44:49,45.6333,85.1833,85.84,24,5,11.97,clear sky,0,0
646,Marang,MY,2022-08-02 16:44:50,5.2056,103.2059,78.71,87,100,4.92,overcast clouds,0,0
647,Boali,CF,2022-08-02 16:44:50,4.8005,18.1275,75.54,83,14,2.04,light rain,0,0
648,Verkhnyaya Inta,RU,2022-08-02 16:44:50,65.9811,60.3094,64.24,51,49,5.57,scattered clouds,0,0
649,Mashhad,IR,2022-08-02 16:44:51,36.297,59.6062,80.74,41,0,6.91,clear sky,0,0
650,Kankon,IN,2022-08-02 16:44:51,15.0167,74.0167,80.4,87,100,10.56,overcast clouds,0,0
651,Guadalupe,MX,2022-08-02 16:44:52,25.6833,-100.25,88.63,59,10,3.0,clear sky,0,0
652,Chifeng,CN,2022-08-02 16:44:52,42.2683,118.9636,76.59,66,83,4.79,broken clouds,0,0
